Workbook

Sheet A-Z player stats
A1: Player | B1: Nation | C1: Pos | D1: Squad | E1: Age | F1: Born | G1: MP | H1: Starts | I1: Min | J1: 90s | K1: Gls | L1: Ast | M1: G+A | N1: G-PK | O1: PK | P1: PKatt | Q1: CrdY | R1: CrdR | S1: Gls/G | T1: Ast/G | U1: G+A/G | V1: G-PK/G | W1: G+A-PK/G | X1: Matches
A2: Aaron Bolger | B2: IRL | C2: MF | D2: St Patrick's | E2: 23 | F2: 2000 | G2: 17 | H2: 10 | I2: 960 | J2: 10.7 | K2: 0 | L2: 0 | M2: 0 | N2: 0 | O2: 0 | P2: 0 | Q2: 3 | R2: 0 | S2: 0 | T2: 0 | U2: 0 | V2: 0 | W2: 0 | X2: Matches
A3: Aaron Greene | B3: IRL | C3: FW,MF | D3: Shamrock Rovers | E3: 34 | F3: 1990 | G3: 30 | H3: 16 | I3: 1687 | J3: 18.7 | K3: 8 | L3: 2 | M3: 10 | N3: 8 | O3: 0 | P3: 0 | Q3: 2 | R3: 0 | S3: 0.43 | T3: 0.11 | U3: 0.53 | V3: 0.43 | W3: 0.53 | X3: Matches
A4: Aaron Haper-Bailey | B4: ENG | C4: DF | D4: Drogheda United | E4: 22 | F4: 2001 | G4: 3 | H4: 1 | I4: 153 | J4: 1.7 | K4: 0 | L4: 0 | M4: 0 | N4: 0 | O4: 0 | P4: 0 | Q4: 0 | R4: 0 | S4: 0 | T4: 0 | U4: 0 | V4: 0 | W4: 0 | X4: Matches
A5: Aaron McEneff | B5: IRL | C5: MF | D5: Shamrock Rovers | E5: 28 | F5: 1995 | G5: 12 | H5: 2 | I5: 403 | J5: 4.5 | K5: 0 | L5: 0 | M5: 0 | N5: 0 | O5: 0 | P5: 0 | Q5: 1 | R5: 0 | S5: 0 | T5: 0 | U5: 0 | V5: 0 | W5: 0 | X5: Matches
A6: Aaron McNally | B6: IRL | C6: MF | D6: Drogheda United | E6: 23 | F6: 2000 | G6: 12 | H6: 4 | I6: 486 | J6: 5.4 | K6: 1 | L6: 0 | M6: 1 | N6: 1 | O6: 0 | P6: 0 | Q6: 1 | R6: 0 | S6: 0.19 | T6: 0 | U6: 0.19 | V6: 0.19 | W6: 0.19 | X6: Matches
A7: Aboubacar Keita | B7: USA | C7: DF | D7: Bohemian FC | E7: 23 | F7: 2000 | G7: 16 | H7: 12 | I7: 1121 | J7: 12.5 | K7: 1 | L7: 0 | M7: 1 | N7: 1 | O7: 0 | P7: 0 | Q7: 4 | R7: 0 | S7: 0.08 | T7: 0 | U7: 0.08 | V7: 0.08 | W7: 0.08 | X7: Matches
A8: Adam Foley | B8: IRL | C8: MF,FW | D8: Drogheda United | E8: 34 | F8: 1989 | G8: 33 | H8: 20 | I8: 1770 | J8: 19.7 | K8: 4 | L8: 3 | M8: 7 | N8: 4 | O8: 0 | P8: 0 | Q8: 6 | R8: 0 | S8: 0.2 | T8: 0.15 | U8: 0.36 | V8: 0.2 | W8: 0.36 | X8: Matches
A9: Adam McDonnell | B9: IRL | C9: MF | D9: Bohemian FC | E9: 26 | F9: 1997 | G9: 35 | H9: 33 | I9: 2655 | J9: 29.5 | K9: 0 | L9: 2 | M9: 2 | N9: 0 | O9: 0 | P9: 0 | Q9: 8 | R9: 0 | S9: 0 | T9: 0.07 | U9: 0.07 | V9: 0 | W9: 0.07 | X9: Matches
A10: Adam O'Reilly | B10: IRL | C10: MF | D10: Derry City | E10: 22 | F10: 2001 | G10: 35 | H10: 32 | I10: 2842 | J10: 31.6 | K10: 1 | L10: 0 | M10: 1 | N10: 1 | O10: 0 | P10: 0 | Q10: 9 | R10: 0 | S10: 0.03 | T10: 0 | U10: 0.03 | V10: 0.03 | W10: 0.03 | X10: Matches
A11: Aidan Keena | B11: IRL | C11: FW | D11: St Patrick's | E11: 24 | F11: 1999 | G11: 11 | H11: 9 | I11: 702 | J11: 7.8 | K11: 5 | L11: 0 | M11: 5 | N11: 4 | O11: 1 | P11: 1 | Q11: 0 | R11: 0 | S11: 0.64 | T11: 0 | U11: 0.64 | V11: 0.51 | W11: 0.51 | X11: Matches
A12: Aiden O'Brien | B12: IRL | C12: FW | D12: Shelbourne FC | E12: 30 | F12: 1993 | G12: 8 | H12: 5 | I12: 459 | J12: 5.1 | K12: 1 | L12: 0 | M12: 1 | N12: 1 | O12: 0 | P12: 0 | Q12: 0 | R12: 0 | S12: 0.2 | T12: 0 | U12: 0.2 | V12: 0.2 | W12: 0.2 | X12: Matches
A13: Al Amin Kazeem | B13: ENG | C13: DF | D13: St Patrick's | E13: 21 | F13: 2002 | G13: 8 | H13: 2 | I13: 210 | J13: 2.3 | K13: 1 | L13: 0 | M13: 1 | N13: 1 | O13: 0 | P13: 0 | Q13: 1 | R13: 0 | S13: 0.43 | T13: 0 | U13: 0.43 | V13: 0.43 | W13: 0.43 | X13: Matches
... A96: Ellis Chapman | B96: ENG | C96: MF | D96: Sligo Rovers | E96: 23 | F96: 2001 | G96: 34 | H96: 33 | I96: 2764 | J96: 30.7 | K96: 9 | L96: 4 | M96: 13 | N96: 7 | O96: 2 | P96: 2 | Q96: 7 | R96: 0 | S96: 0.29 | T96: 0.13 | U96: 0.42 | V96: 0.23 | W96: 0.36 | X96: Matches
A97: Emre Topcu | C97: MF | D97: Drogheda United | E97: 18 | F97: 2005 | G97: 1 | H97: 0 | I97: 15 | J97: 0.2 | K97: 0 | L97: 0 | M97: 0 | N97: 0 | O97: 0 | P97: 0 | Q97: 0 | R97: 0 | S97: 0 | T97: 0 | U97: 0 | V97: 0 | W97: 0 | X97: Matches
A98: Eoin Kenny | B98: NIR | C98: FW | D98: Dundalk FC | E98: 18 | F98: 2005 | G98: 25 | H98: 9 | I98: 864 | J98: 9.6 | K98: 2 | L98: 1 | M98: 3 | N98: 2 | O98: 0 | P98: 0 | Q98: 5 | R98: 0 | S98: 0.21 | T98: 0.1 | U98: 0.31 | V98: 0.21 | W98: 0.31 | X98: Matches
A99: Evan Caffrey | B99: IRL | C99: MF | D99: Shelbourne FC | E99: 20 | F99: 2003 | G99: 34 | H99: 17 | I99: 1822 | J99: 20.2 | K99: 3 | L99: 2 | M99: 5 | N99: 3 | O99: 0 | P99: 0 | Q99: 4 | R99: 0 | S99: 0.15 | T99: 0.1 | U99: 0.25 | V99: 0.15 | W99: 0.25 | X99: Matches
A100: Evan Haddock | B100: IRL | C100: MF | D100: Drogheda United | E100: 18 | F100: 2005 | G100: 1 | H100: 0 | I100: 5 | J100: 0.1 | K100: 0 | L100: 0 | M100: 0 | N100: 0 | O100: 0 | P100: 0 | Q100: 0 | R100: 0 | S100: 0 | T100: 0 | U100: 0 | V100: 0 | W100: 0 | X100: Matches
A101: Evan Weir | B101: IRL | C101: DF,MF | D101: Drogheda United | E101: 21 | F101: 2002 | G101: 19 | H101: 19 | I101: 1637 | J101: 18.2 | K101: 4 | L101: 2 | M101: 6 | N101: 4 | O101: 0 | P101: 0 | Q101: 5 | R101: 0 | S101: 0.22 | T101: 0.11 | U101: 0.33 | V101: 0.22 | W101: 0.33 | X101: Matches
A102: Fabrice Hartmann | B102: GER | C102: MF,FW | D102: Sligo Rovers | E102: 22 | F102: 2001 | G102: 21 | H102: 19 | I102: 1390 | J102: 15.4 | K102: 4 | L102: 3 | M102: 7 | N102: 4 | O102: 0 | P102: 0 | Q102: 4 | R102: 0 | S102: 0.26 | T102: 0.19 | U102: 0.45 | V102: 0.26 | W102: 0.45 | X102: Matches
A103: Felix Goddard | B103: ENG | C103: GK | D103: Dundalk FC | E103: 19 | F103: 2004 | G103: 6 | H103: 6 | I103: 540 | J103: 6 | K103: 0 | L103: 0 | M103: 0 | N103: 0 | O103: 0 | P103: 0 | Q103: 0 | R103: 0 | S103: 0 | T103: 0 | U103: 0 | V103: 0 | W103: 0 | X103: Matches
A104: Filip Piszczek | B104: POL | C104: FW | D104: Bohemian FC | E104: 28 | F104: 1995 | G104: 21 | H104: 4 | I104: 692 | J104: 7.7 | K104: 2 | L104: 1 | M104: 3 | N104: 2 | O104: 0 | P104: 0 | Q104: 9 | R104: 0 | S104: 0.26 | T104: 0.13 | U104: 0.39 | V104: 0.26 | W104: 0.39 | X104: Matches
A105: Francely Lomboto | B105: IRL | C105: FW | D105: Galway United | E105: 23 | F105: 2000 | G105: 20 | H105: 2 | I105: 417 | J105: 4.6 | K105: 1 | L105: 0 | M105: 1 | N105: 1 | O105: 0 | P105: 1 | Q105: 1 | R105: 0 | S105: 0.22 | T105: 0 | U105: 0.22 | V105: 0.22 | W105: 0.22 | X105: Matches
A106: Frantz Pierrot | B106: HAI | C106: FW | D106: Drogheda United | E106: 24 | F106: 1999 | G106: 31 | H106: 24 | I106: 2064 | J106: 22.9 | K106: 10 | L106: 1 | M106: 11 | N106: 9 | O106: 1 | P106: 1 | Q106: 6 | R106: 1 | S106: 0.44 | T106: 0.04 | U106: 0.48 | V106: 0.39 | W106: 0.44 | X106: Matches
A107: Gareth McElroy | B107: IRL | C107: DF | D107: Sligo Rovers | E107: 16 | F107: 2007 | G107: 4 | H107: 4 | I107: 358 | J107: 4 | K107: 0 | L107: 0 | M107: 0 | N107: 0 | O107: 0 | P107: 0 | Q107: 2 | R107: 0 | S107: 0 | T107: 0 | U107: 0 | V107: 0 | W107: 0 | X107: Matches
A108: Garry Buckley | B108: IRL | C108: DF,MF | D108: Galway United | E108: 30 | F108: 1993 | G108: 21 | H108: 18 | I108: 1649 | J108: 18.3 | K108: 0 | L108: 0 | M108: 0 | N108: 0 | O108: 0 | P108: 0 | Q108: 4 | R108: 0 | S108: 0 | T108: 0 | U108: 0 | V108: 0 | W108: 0 | X108: Matches
A109: Gary Deegan | B109: IRL | C109: MF | D109: Drogheda United | E109: 36 | F109: 1987 | G109: 22 | H109: 18 | I109: 1669 | J109: 18.5 | K109: 0 | L109: 1 | M109: 1 | N109: 0 | O109: 0 | P109: 0 | Q109: 6 | R109: 0 | S109: 0 | T109: 0.05 | U109: 0.05 | V109: 0 | W109: 0.05 | X109: Matches
... A132: James Bolger | B132: IRL | C132: DF | D132: Drogheda United | E132: 23 | F132: 2000 | G132: 12 | H132: 12 | I132: 1031 | J132: 11.5 | K132: 0 | L132: 0 | M132: 0 | N132: 0 | O132: 0 | P132: 0 | Q132: 3 | R132: 0 | S132: 0 | T132: 0 | U132: 0 | V132: 0 | W132: 0 | X132: Matches
A133: James Byrne | B133: #VALUE! | C133: MF | D133: Drogheda United | G133: 1 | H133: 0 | I133: 20 | J133: 0.2 | K133: 0 | L133: 0 | M133: 0 | N133: 0 | O133: 0 | P133: 0 | Q133: 0 | R133: 0 | S133: 0 | T133: 0 | U133: 0 | V133: 0 | W133: 0 | X133: Matches
A134: James Clarke | B134: IRL | C134: MF,FW | D134: Bohemian FC | E134: 23 | F134: 2001 | G134: 34 | H134: 26 | I134: 2295 | J134: 25.5 | K134: 4 | L134: 1 | M134: 5 | N134: 4 | O134: 0 | P134: 0 | Q134: 7 | R134: 0 | S134: 0.16 | T134: 0.04 | U134: 0.2 | V134: 0.16 | W134: 0.2 | X134: Matches
A135: James Gullan | B135: SCO | C135: FW | D135: Dundalk FC | E135: 24 | F135: 1999 | G135: 31 | H135: 24 | I135: 2079 | J135: 23.1 | K135: 6 | L135: 1 | M135: 7 | N135: 5 | O135: 1 | P135: 1 | Q135: 5 | R135: 0 | S135: 0.26 | T135: 0.04 | U135: 0.3 | V135: 0.22 | W135: 0.26 | X135: Matches
A136: James McManus | B136: IRL | C136: MF | D136: Bohemian FC | E136: 18 | F136: 2005 | G136: 11 | H136: 8 | I136: 682 | J136: 7.6 | K136: 0 | L136: 0 | M136: 0 | N136: 0 | O136: 0 | P136: 0 | Q136: 2 | R136: 0 | S136: 0 | T136: 0 | U136: 0 | V136: 0 | W136: 0 | X136: Matches
A137: James Talbot | B137: IRL | C137: GK | D137: Bohemian FC | E137: 26 | F137: 1997 | G137: 2 | H137: 2 | I137: 180 | J137: 2 | K137: 0 | L137: 0 | M137: 0 | N137: 0 | O137: 0 | P137: 0 | Q137: 0 | R137: 0 | S137: 0 | T137: 0 | U137: 0 | V137: 0 | W137: 0 | X137: Matches
A138: Jamie Lennon | B138: IRL | C138: MF | D138: St Patrick's | E138: 25 | F138: 1998 | G138: 34 | H138: 33 | I138: 2940 | J138: 32.7 | K138: 2 | L138: 1 | M138: 3 | N138: 2 | O138: 0 | P138: 0 | Q138: 12 | R138: 0 | S138: 0.06 | T138: 0.03 | U138: 0.09 | V138: 0.06 | W138: 0.09 | X138: Matches
A139: Jamie Walker | B139: SCO | C139: DF | D139: Dundalk FC | E139: 22 | F139: 2001 | G139: 3 | H139: 3 | I139: 216 | J139: 2.4 | K139: 0 | L139: 0 | M139: 0 | N139: 0 | O139: 0 | P139: 0 | Q139: 0 | R139: 0 | S139: 0 | T139: 0 | U139: 0 | V139: 0 | W139: 0 | X139: Matches
A140: Jason McClelland | B140: IRL | C140: MF,FW | D140: St Patrick's | E140: 26 | F140: 1997 | G140: 21 | H140: 5 | I140: 624 | J140: 6.9 | K140: 1 | L140: 1 | M140: 2 | N140: 1 | O140: 0 | P140: 0 | Q140: 0 | R140: 0 | S140: 0.14 | T140: 0.14 | U140: 0.29 | V140: 0.14 | W140: 0.29 | X140: Matches
A141: Jeannot Esua | B141: CMR | C141: DF | D141: Galway United | E141: 27 | F141: 1996 | G141: 27 | H141: 23 | I141: 2093 | J141: 23.3 | K141: 0 | L141: 0 | M141: 0 | N141: 0 | O141: 0 | P141: 0 | Q141: 2 | R141: 0 | S141: 0 | T141: 0 | U141: 0 | V141: 0 | W141: 0 | X141: Matches
A142: Jethren Barr | B142: RSA | C142: GK | D142: Drogheda United | E142: 28 | F142: 1995 | G142: 7 | H142: 7 | I142: 613 | J142: 6.8 | K142: 0 | L142: 0 | M142: 0 | N142: 0 | O142: 0 | P142: 0 | Q142: 0 | R142: 1 | S142: 0 | T142: 0 | U142: 0 | V142: 0 | W142: 0 | X142: Matches
A143: Jevon Mills | B143: IRL | C143: DF | D143: Bohemian FC | E143: 20 | F143: 2003 | G143: 24 | H143: 18 | I143: 1669 | J143: 18.5 | K143: 1 | L143: 0 | M143: 1 | N143: 1 | O143: 0 | P143: 0 | Q143: 4 | R143: 0 | S143: 0.05 | T143: 0 | U143: 0.05 | V143: 0.05 | W143: 0.05 | X143: Matches
A144: Jimmy Keohane | B144: IRL | C144: MF | D144: Galway United | E144: 33 | F144: 1991 | G144: 15 | H144: 15 | I144: 1342 | J144: 14.9 | K144: 2 | L144: 0 | M144: 2 | N144: 2 | O144: 0 | P144: 0 | Q144: 0 | R144: 0 | S144: 0.13 | T144: 0 | U144: 0.13 | V144: 0.13 | W144: 0.13 | X144: Matches
A145: Joe Redmond | B145: IRL | C145: DF | D145: St Patrick's | E145: 24 | F145: 2000 | G145: 32 | H145: 32 | I145: 2779 | J145: 30.9 | K145: 4 | L145: 2 | M145: 6 | N145: 4 | O145: 0 | P145: 0 | Q145: 6 | R145: 0 | S145: 0.13 | T145: 0.06 | U145: 0.19 | V145: 0.13 | W145: 0.19 | X145: Matches
... A195: Mark Coyle | B195: IRL | C195: MF | D195: Shelbourne FC | E195: 26 | F195: 1997 | G195: 31 | H195: 31 | I195: 2510 | J195: 27.9 | K195: 2 | L195: 1 | M195: 3 | N195: 2 | O195: 0 | P195: 0 | Q195: 15 | R195: 0 | S195: 0.07 | T195: 0.04 | U195: 0.11 | V195: 0.07 | W195: 0.11 | X195: Matches
A196: Mark Isong | C196: FW | D196: Shelbourne FC | G196: 1 | H196: 0 | I196: 4 | J196: 0 | K196: 0 | L196: 0 | M196: 0 | N196: 0 | O196: 0 | P196: 0 | Q196: 0 | R196: 0 | S196: 0 | T196: 0 | U196: 0 | V196: 0 | W196: 0 | X196: Matches
A197: Markus Poom | B197: EST | C197: MF | D197: Shamrock Rovers | E197: 24 | F197: 1999 | G197: 25 | H197: 16 | I197: 1604 | J197: 17.8 | K197: 1 | L197: 2 | M197: 3 | N197: 1 | O197: 0 | P197: 0 | Q197: 6 | R197: 0 | S197: 0.06 | T197: 0.11 | U197: 0.17 | V197: 0.06 | W197: 0.17 | X197: Matches
A198: Markus Strods | B198: LVA | C198: MF | D198: Bohemian FC | E198: 17 | F198: 2006 | G198: 1 | H198: 0 | I198: 11 | J198: 0.1 | K198: 0 | L198: 0 | M198: 0 | N198: 0 | O198: 0 | P198: 0 | Q198: 0 | R198: 0 | S198: 0 | T198: 0 | U198: 0 | V198: 0 | W198: 0 | X198: Matches
A199: Martin Miller | B199: EST | C199: MF,DF | D199: Bohemian FC | E199: 26 | F199: 1997 | G199: 20 | H199: 14 | I199: 1203 | J199: 13.4 | K199: 0 | L199: 0 | M199: 0 | N199: 0 | O199: 0 | P199: 0 | Q199: 4 | R199: 0 | S199: 0 | T199: 0 | U199: 0 | V199: 0 | W199: 0 | X199: Matches
A200: Mason Melia | B200: IRL | C200: FW,MF | D200: St Patrick's | E200: 16 | F200: 2007 | G200: 31 | H200: 14 | I200: 1471 | J200: 16.3 | K200: 6 | L200: 1 | M200: 7 | N200: 6 | O200: 0 | P200: 0 | Q200: 3 | R200: 0 | S200: 0.37 | T200: 0.06 | U200: 0.43 | V200: 0.37 | W200: 0.43 | X200: Matches
A201: Matthew Britton | B201: IRL | C201: MF | D201: Shamrock Rovers | E201: 16 | F201: 2007 | G201: 1 | H201: 0 | I201: 12 | J201: 0.1 | K201: 0 | L201: 0 | M201: 0 | N201: 0 | O201: 0 | P201: 0 | Q201: 0 | R201: 0 | S201: 0 | T201: 0 | U201: 0 | V201: 0 | W201: 0 | X201: Matches
A202: Matthew O'Brien | B202: IRL | C202: MF | D202: Drogheda United | E202: 20 | F202: 2004 | G202: 9 | H202: 4 | I202: 440 | J202: 4.9 | K202: 0 | L202: 0 | M202: 0 | N202: 0 | O202: 0 | P202: 0 | Q202: 2 | R202: 0 | S202: 0 | T202: 0 | U202: 0 | V202: 0 | W202: 0 | X202: Matches
A203: Matty Smith | B203: SCO | C203: FW,MF | D203: Shelbourne FC | E203: 26 | F203: 1997 | G203: 30 | H203: 18 | I203: 1510 | J203: 16.8 | K203: 2 | L203: 2 | M203: 4 | N203: 2 | O203: 0 | P203: 0 | Q203: 5 | R203: 1 | S203: 0.12 | T203: 0.12 | U203: 0.24 | V203: 0.12 | W203: 0.24 | X203: Matches
A204: Maurice Nugent | B204: IRL | C204: MF,DF | D204: Galway United | E204: 25 | F204: 1998 | G204: 17 | H204: 9 | I204: 872 | J204: 9.7 | K204: 3 | L204: 1 | M204: 4 | N204: 3 | O204: 0 | P204: 0 | Q204: 2 | R204: 0 | S204: 0.31 | T204: 0.1 | U204: 0.41 | V204: 0.31 | W204: 0.41 | X204: Matches
A205: Max Kovaleskis | C205: FW | D205: Shamrock Rovers | G205: 1 | H205: 0 | I205: 23 | J205: 0.3 | K205: 0 | L205: 0 | M205: 0 | N205: 0 | O205: 0 | P205: 0 | Q205: 0 | R205: 0 | S205: 0 | T205: 0 | U205: 0 | V205: 0 | W205: 0 | X205: Matches
A206: Max Mata | B206: NZL | C206: FW | D206: Sligo Rovers | E206: 23 | F206: 2000 | G206: 14 | H206: 14 | I206: 1009 | J206: 11.2 | K206: 4 | L206: 3 | M206: 7 | N206: 4 | O206: 0 | P206: 0 | Q206: 0 | R206: 0 | S206: 0.36 | T206: 0.27 | U206: 0.62 | V206: 0.36 | W206: 0.62 | X206: Matches
A207: Mayowa Animasahun | B207: IRL | C207: DF | D207: Dundalk FC | E207: 20 | F207: 2003 | G207: 19 | H207: 16 | I207: 1275 | J207: 14.2 | K207: 0 | L207: 0 | M207: 0 | N207: 0 | O207: 0 | P207: 0 | Q207: 5 | R207: 0 | S207: 0 | T207: 0 | U207: 0 | V207: 0 | W207: 0 | X207: Matches
A208: Michael Duffy | B208: NIR | C208: MF,FW | D208: Derry City | E208: 29 | F208: 1994 | G208: 31 | H208: 27 | I208: 2404 | J208: 26.7 | K208: 5 | L208: 5 | M208: 10 | N208: 5 | O208: 0 | P208: 0 | Q208: 4 | R208: 0 | S208: 0.19 | T208: 0.19 | U208: 0.37 | V208: 0.19 | W208: 0.37 | X208: Matches
A209: Michael Lilander | B209: EST | C209: DF | D209: Bohemian FC | E209: 26 | F209: 1997 | G209: 8 | H209: 7 | I209: 642 | J209: 7.1 | K209: 0 | L209: 0 | M209: 0 | N209: 0 | O209: 0 | P209: 0 | Q209: 0 | R209: 0 | S209: 0 | T209: 0 | U209: 0 | V209: 0 | W209: 0 | X209: Matches
A210: Michael Noonan | B210: IRL | C210: FW | D210: St Patrick's | E210: 15 | F210: 2008 | G210: 1 | H210: 0 | I210: 2 | J210: 0 | K210: 0 | L210: 0 | M210: 0 | N210: 0 | O210: 0 | P210: 0 | Q210: 0 | R210: 0 | S210: 0 | T210: 0 | U210: 0 | V210: 0 | W210: 0 | X210: Matches
A211: Nando Pijnaker | B211: NZL | C211: DF | D211: Sligo Rovers | E211: 24 | F211: 1999 | G211: 14 | H211: 14 | I211: 1241 | J211: 13.8 | K211: 0 | L211: 2 | M211: 2 | N211: 0 | O211: 0 | P211: 0 | Q211: 7 | R211: 0 | S211: 0 | T211: 0.15 | U211: 0.15 | V211: 0 | W211: 0.15 | X211: Matches
A212: Neil Farrugia | B212: IRL | C212: MF | D212: Shamrock Rovers | E212: 24 | F212: 1999 | G212: 22 | H212: 14 | I212: 1404 | J212: 15.6 | K212: 2 | L212: 3 | M212: 5 | N212: 2 | O212: 0 | P212: 0 | Q212: 2 | R212: 0 | S212: 0.13 | T212: 0.19 | U212: 0.32 | V212: 0.13 | W212: 0.32 | X212: Matches
A213: Niall Morahan | B213: IRL | C213: MF | D213: Sligo Rovers | E213: 23 | F213: 2000 | G213: 35 | H213: 35 | I213: 3124 | J213: 34.7 | K213: 1 | L213: 1 | M213: 2 | N213: 1 | O213: 0 | P213: 0 | Q213: 13 | R213: 0 | S213: 0.03 | T213: 0.03 | U213: 0.06 | V213: 0.03 | W213: 0.06 | X213: Matches
A214: Niall O'Keeffe | B214: IRL | C214: MF | D214: Waterford United | E214: 24 | F214: 2000 | G214: 19 | H214: 6 | I214: 689 | J214: 7.7 | K214: 1 | L214: 0 | M214: 1 | N214: 1 | O214: 0 | P214: 0 | Q214: 7 | R214: 0 | S214: 0.13 | T214: 0 | U214: 0.13 | V214: 0.13 | W214: 0.13 | X214: Matches
A215: Nickson Okosun | B215: IRL | C215: MF | D215: Bohemian FC | E215: 17 | F215: 2006 | G215: 5 | H215: 0 | I215: 49 | J215: 0.5 | K215: 0 | L215: 0 | M215: 0 | N215: 0 | O215: 0 | P215: 0 | Q215: 1 | R215: 0 | S215: 0 | T215: 0 | U215: 0 | V215: 0 | W215: 0 | X215: Matches
A216: Norman Garbett | B216: NZL | C216: FW | D216: Dundalk FC | E216: 19 | F216: 2004 | G216: 7 | H216: 0 | I216: 106 | J216: 1.2 | K216: 0 | L216: 0 | M216: 0 | N216: 0 | O216: 0 | P216: 0 | Q216: 1 | R216: 0 | S216: 0 | T216: 0 | U216: 0 | V216: 0 | W216: 0 | X216: Matches
A217: Oisin Gallagher | B217: NIR | C217: MF | D217: Drogheda United | E217: 18 | F217: 2005 | G217: 18 | H217: 15 | I217: 1282 | J217: 14.2 | K217: 1 | L217: 1 | M217: 2 | N217: 1 | O217: 0 | P217: 0 | Q217: 5 | R217: 0 | S217: 0.07 | T217: 0.07 | U217: 0.14 | V217: 0.07 | W217: 0.14 | X217: Matches
... A246: Ross Tierney | B246: IRL | C246: MF | D246: Bohemian FC | E246: 22 | F246: 2001 | G246: 13 | H246: 12 | I246: 1048 | J246: 11.6 | K246: 3 | L246: 0 | M246: 3 | N246: 3 | O246: 0 | P246: 0 | Q246: 4 | R246: 1 | S246: 0.26 | T246: 0 | U246: 0.26 | V246: 0.26 | W246: 0.26 | X246: Matches
B247: ENG | C247: MF | D247: Waterford United | E247: 22 | F247: 2001 | G247: 32 | H247: 26 | I247: 2275 | J247: 25.3 | K247: 1 | L247: 1 | M247: 2 | N247: 1 | O247: 0 | P247: 0 | Q247: 6 | R247: 0 | S247: 0.04 | T247: 0.04 | U247: 0.08 | V247: 0.04 | W247: 0.08 | X247: Matches
A248: Ruairi Keating | B248: IRL | C248: FW | D248: St Patrick's | E248: 28 | F248: 1995 | G248: 22 | H248: 18 | I248: 1406 | J248: 15.6 | K248: 4 | L248: 0 | M248: 4 | N248: 4 | O248: 0 | P248: 0 | Q248: 2 | R248: 0 | S248: 0.26 | T248: 0 | U248: 0.26 | V248: 0.26 | W248: 0.26 | X248: Matches
A249: Ryan Brennan | B249: IRL | C249: MF,FW | D249: Drogheda United | E249: 32 | F249: 1991 | G249: 33 | H249: 23 | I249: 2092 | J249: 23.2 | K249: 0 | L249: 0 | M249: 0 | N249: 0 | O249: 0 | P249: 1 | Q249: 8 | R249: 0 | S249: 0 | T249: 0 | U249: 0 | V249: 0 | W249: 0 | X249: Matches
A250: Ryan Burke | B250: IRL | C250: DF | D250: Waterford United | E250: 23 | F250: 2000 | G250: 24 | H250: 17 | I250: 1597 | J250: 17.7 | K250: 0 | L250: 0 | M250: 0 | N250: 0 | O250: 0 | P250: 0 | Q250: 7 | R250: 1 | S250: 0 | T250: 0 | U250: 0 | V250: 0 | W250: 0 | X250: Matches
A251: Ryan McLaughlin | B251: NIR | C251: DF | D251: St Patrick's | E251: 29 | F251: 1994 | G251: 16 | H251: 12 | I251: 979 | J251: 10.9 | K251: 0 | L251: 0 | M251: 0 | N251: 0 | O251: 0 | P251: 0 | Q251: 6 | R251: 0 | S251: 0 | T251: 0 | U251: 0 | V251: 0 | W251: 0 | X251: Matches
A252: Ryan O'Kane | B252: IRL | C252: MF,FW | D252: Dundalk FC | E252: 20 | F252: 2003 | G252: 33 | H252: 14 | I252: 1460 | J252: 16.2 | K252: 3 | L252: 2 | M252: 5 | N252: 3 | O252: 0 | P252: 0 | Q252: 1 | R252: 0 | S252: 0.18 | T252: 0.12 | U252: 0.31 | V252: 0.18 | W252: 0.31 | X252: Matches
A253: Sadou Diallo | B253: ENG | C253: MF | D253: Derry City | E253: 24 | F253: 1999 | G253: 21 | H253: 15 | I253: 1192 | J253: 13.2 | K253: 1 | L253: 0 | M253: 1 | N253: 1 | O253: 0 | P253: 0 | Q253: 4 | R253: 0 | S253: 0.08 | T253: 0 | U253: 0.08 | V253: 0.08 | W253: 0.08 | X253: Matches
A254: Sam Bellis | B254: ENG | C254: FW | D254: Waterford United | E254: 21 | F254: 2002 | G254: 8 | H254: 3 | I254: 285 | J254: 3.2 | K254: 1 | L254: 0 | M254: 1 | N254: 1 | O254: 0 | P254: 0 | Q254: 0 | R254: 0 | S254: 0.32 | T254: 0 | U254: 0.32 | V254: 0.32 | W254: 0.32 | X254: Matches
A255: Sam Bone | B255: ENG | C255: DF | D255: Shelbourne FC | E255: 25 | F255: 1998 | G255: 4 | H255: 2 | I255: 171 | J255: 1.9 | K255: 0 | L255: 0 | M255: 0 | N255: 0 | O255: 0 | P255: 0 | Q255: 0 | R255: 0 | S255: 0 | T255: 0 | U255: 0 | V255: 0 | W255: 0 | X255: Matches
A256: Sam Durrant | B256: SRI | C256: MF,FW | D256: Dundalk FC | E256: 21 | F256: 2002 | G256: 18 | H256: 6 | I256: 678 | J256: 7.5 | K256: 0 | L256: 1 | M256: 1 | N256: 0 | O256: 0 | P256: 0 | Q256: 4 | R256: 0 | S256: 0 | T256: 0.13 | U256: 0.13 | V256: 0 | W256: 0.13 | X256: Matches
A257: Sam Sargeant | B257: ENG | C257: GK | D257: Waterford United | E257: 26 | F257: 1997 | G257: 30 | H257: 30 | I257: 2700 | J257: 30 | K257: 0 | L257: 1 | M257: 1 | N257: 0 | O257: 0 | P257: 0 | Q257: 0 | R257: 0 | S257: 0 | T257: 0.03 | U257: 0.03 | V257: 0 | W257: 0.03 | X257: Matches
A258: Sam Todd | B258: IRL | C258: DF | D258: Derry City | E258: 25 | F258: 1998 | G258: 10 | H258: 4 | I258: 309 | J258: 3.4 | K258: 0 | L258: 0 | M258: 0 | N258: 0 | O258: 0 | P258: 0 | Q258: 3 | R258: 1 | S258: 0 | T258: 0 | U258: 0 | V258: 0 | W258: 0 | X258: Matches
A259: Samuel Glenfield | B259: NIR | C259: MF | D259: Waterford United | E259: 18 | F259: 2005 | G259: 9 | H259: 4 | I259: 407 | J259: 4.5 | K259: 2 | L259: 0 | M259: 2 | N259: 2 | O259: 0 | P259: 0 | Q259: 6 | R259: 0 | S259: 0.44 | T259: 0 | U259: 0.44 | V259: 0.44 | W259: 0.44 | X259: Matches
... A297: Zishim Bawa | B297: USA | C297: FW,MF | D297: Drogheda United | E297: 21 | F297: 2002 | G297: 17 | H297: 13 | I297: 1137 | J297: 12.6 | K297: 3 | L297: 0 | M297: 3 | N297: 3 | O297: 0 | P297: 0 | Q297: 1 | R297: 0 | S297: 0.24 | T297: 0 | U297: 0.24 | V297: 0.24 | W297: 0.24 | X297: Matches

Sheet Completed Table
G1: Playing Time | K1: Performance | Q1: CrdY | R1: CrdR | S1: Per 90 Minutes | X1: Height | Y1: Value | Z1: Average goals conceeded
A2: Player | B2: Nation | C2: Pos | D2: Squad | E2: Age | F2: Born | G2: MP | H2: Starts | I2: Min | J2: 90s | K2: Gls | L2: Ast | M2: G+A | N2: G-PK | O2: PK | P2: PKatt | Q2: CrdY | R2: CrdR | S2: Gls_90 | T2: Ast | U2: G+A | V2: G-PK | W2: G+A-PK | X2: Height | Y2: Value | Z2: Average goals conceeded | AA2: Positon (Truncated) | AB2: Weighted defensive score | AC2: defence metric | AF2: =IF(RIGHT(Y2,1)="k", VALUE(SUBSTITUTE(SUBSTITUTE(Y2,"€",""),"k",""))*1000, IF(RIGHT(Y2,1)="m", VALUE(SUBSTITUTE(SUBSTITUTE(Y2,"€",""),"m",""))*1000000, VALUE(SUBSTITUTE(Y2,"€","")))) -> #VALUE!
A3: Aaron Bolger | B3: IRL | C3: MF | D3: St Patrick's | E3: 23 | F3: 2000 | G3: 17 | H3: 10 | I3: 960 | J3: 10.7 | K3: 0 | L3: 0 | M3: 0 | N3: 0 | O3: 0 | P3: 0 | Q3: 3 | R3: 0 | S3: 0 | T3: 0 | U3: 0 | V3: 0 | W3: 0 | Y3: €91k | Z3: 1.0277778 | AA3: =IF(OR(ISNUMBER(SEARCH("DF", C3)), ISNUMBER(SEARCH("GK", C3))), "D", IF(ISNUMBER(SEARCH("MF", C3)), "M", IF(ISNUMBER(SEARCH("FW", C3)), "A","Unknown"))) -> M | AB3: =Z3 * IF(AA3="M", 2, IF(AA3="A", 4, 1)) -> 2.0555556 | AC3: =1/(AB3) -> 0.48648649 | AD3: Defender goals scored | AE3: =AVERAGEIF($AA$2:$AA$100, "D", $S$2:$S$100) -> 0.035526316 | AF3: =IF(RIGHT(Y3,1)="k", VALUE(SUBSTITUTE(SUBSTITUTE(Y3,"€",""),"k",""))*1000, IF(RIGHT(Y3,1)="m", VALUE(SUBSTITUTE(SUBSTITUTE(Y3,"€",""),"m",""))*1000000, VALUE(SUBSTITUTE(Y3,"€","")))) -> 91000
A4: Aaron Greene | B4: IRL | C4: FW,MF | D4: Shamrock Rovers | E4: 34 | F4: 1990 | G4: 30 | H4: 16 | I4: 1687 | J4: 18.7 | K4: 8 | L4: 2 | M4: 10 | N4: 8 | O4: 0 | P4: 0 | Q4: 2 | R4: 0 | S4: 0.43 | T4: 0.11 | U4: 0.53 | V4: 0.43 | W4: 0.53 | X4: 1,70m | Y4: €100k | Z4: 0.97222222 | AA4: =IF(OR(ISNUMBER(SEARCH("DF", C4)), ISNUMBER(SEARCH("GK", C4))), "D", IF(ISNUMBER(SEARCH("MF", C4)), "M", IF(ISNUMBER(SEARCH("FW", C4)), "A","Unknown"))) -> M | AB4: =Z4 * IF(AA4="M", 2, IF(AA4="A", 4, 1)) -> 1.9444444 | AC4: =1/(AB4) -> 0.51428571 | AD4: Defender Goals concieded | AE4: =AVERAGEIF($AA$2:$AA$100, "D", $AC$2:$AC$100) -> 0.92231648 | AF4: =IF(RIGHT(Y4,1)="k", VALUE(SUBSTITUTE(SUBSTITUTE(Y4,"€",""),"k",""))*1000, IF(RIGHT(Y4,1)="m", VALUE(SUBSTITUTE(SUBSTITUTE(Y4,"€",""),"m",""))*1000000, VALUE(SUBSTITUTE(Y4,"€","")))) -> 100000
A5: Aaron Haper-Bailey | B5: ENG | C5: DF | D5: Drogheda United | E5: 22 | F5: 2001 | G5: 3 | H5: 1 | I5: 153 | J5: 1.7 | K5: 0 | L5: 0 | M5: 0 | N5: 0 | O5: 0 | P5: 0 | Q5: 0 | R5: 0 | S5: 0 | T5: 0 | U5: 0 | V5: 0 | W5: 0 | X5: 1,81m | Y5: €50k | Z5: 1.6111111 | AA5: =IF(OR(ISNUMBER(SEARCH("DF", C5)), ISNUMBER(SEARCH("GK", C5))), "D", IF(ISNUMBER(SEARCH("MF", C5)), "M", IF(ISNUMBER(SEARCH("FW", C5)), "A","Unknown"))) -> D | AB5: =Z5 * IF(AA5="M", 2, IF(AA5="A", 4, 1)) -> 1.6111111 | AC5: =1/(AB5) -> 0.62068966 | AD5: Attacker goals scored | AE5: =AVERAGEIF($AA$2:$AA$100, "A", $S$2:$S$100) -> 0.42727273 | AF5: =IF(RIGHT(Y5,1)="k", VALUE(SUBSTITUTE(SUBSTITUTE(Y5,"€",""),"k",""))*1000, IF(RIGHT(Y5,1)="m", VALUE(SUBSTITUTE(SUBSTITUTE(Y5,"€",""),"m",""))*1000000, VALUE(SUBSTITUTE(Y5,"€","")))) -> 50000
A6: Aaron McEneff | B6: IRL | C6: MF | D6: Shamrock Rovers | E6: 28 | F6: 1995 | G6: 12 | H6: 2 | I6: 403 | J6: 4.5 | K6: 0 | L6: 0 | M6: 0 | N6: 0 | O6: 0 | P6: 0 | Q6: 1 | R6: 0 | S6: 0 | T6: 0 | U6: 0 | V6: 0 | W6: 0 | X6: 1,75m | Y6: €400k | Z6: 0.97222222 | AA6: =IF(OR(ISNUMBER(SEARCH("DF", C6)), ISNUMBER(SEARCH("GK", C6))), "D", IF(ISNUMBER(SEARCH("MF", C6)), "M", IF(ISNUMBER(SEARCH("FW", C6)), "A","Unknown"))) -> M | AB6: =Z6 * IF(AA6="M", 2, IF(AA6="A", 4, 1)) -> 1.9444444 | AC6: =1/(AB6) -> 0.51428571 | AD6: Attaxker goals concieded | AE6: =AVERAGEIF($AA$2:$AA$100, "A", $AC$2:$AC$100) -> 0.24641914 | AF6: =IF(RIGHT(Y6,1)="k", VALUE(SUBSTITUTE(SUBSTITUTE(Y6,"€",""),"k",""))*1000, IF(RIGHT(Y6,1)="m", VALUE(SUBSTITUTE(SUBSTITUTE(Y6,"€",""),"m",""))*1000000, VALUE(SUBSTITUTE(Y6,"€","")))) -> 400000
A7: Aaron McNally | B7: IRL | C7: MF | D7: Drogheda United | E7: 23 | F7: 2000 | G7: 12 | H7: 4 | I7: 486 | J7: 5.4 | K7: 1 | L7: 0 | M7: 1 | N7: 1 | O7: 0 | P7: 0 | Q7: 1 | R7: 0 | S7: 0.19 | T7: 0 | U7: 0.19 | V7: 0.19 | W7: 0.19 | X7: 1,73m | Y7: €19k | Z7: 1.6111111 | AA7: =IF(OR(ISNUMBER(SEARCH("DF", C7)), ISNUMBER(SEARCH("GK", C7))), "D", IF(ISNUMBER(SEARCH("MF", C7)), "M", IF(ISNUMBER(SEARCH("FW", C7)), "A","Unknown"))) -> M | AB7: =Z7 * IF(AA7="M", 2, IF(AA7="A", 4, 1)) -> 3.2222222 | AC7: =1/(AB7) -> 0.31034483 | AF7: =IF(RIGHT(Y7,1)="k", VALUE(SUBSTITUTE(SUBSTITUTE(Y7,"€",""),"k",""))*1000, IF(RIGHT(Y7,1)="m", VALUE(SUBSTITUTE(SUBSTITUTE(Y7,"€",""),"m",""))*1000000, VALUE(SUBSTITUTE(Y7,"€","")))) -> 19000
A8: Aboubacar Keita | B8: USA | C8: DF | D8: Bohemian FC | E8: 23 | F8: 2000 | G8: 16 | H8: 12 | I8: 1121 | J8: 12.5 | K8: 1 | L8: 0 | M8: 1 | N8: 1 | O8: 0 | P8: 0 | Q8: 4 | R8: 0 | S8: 0.08 | T8: 0 | U8: 0.08 | V8: 0.08 | W8: 0.08 | X8: 1,88m | Y8: €1.00m | Z8: 1.1944444 | AA8: =IF(OR(ISNUMBER(SEARCH("DF", C8)), ISNUMBER(SEARCH("GK", C8))), "D", IF(ISNUMBER(SEARCH("MF", C8)), "M", IF(ISNUMBER(SEARCH("FW", C8)), "A","Unknown"))) -> D | AB8: =Z8 * IF(AA8="M", 2, IF(AA8="A", 4, 1)) -> 1.1944444 | AC8: =1/(AB8) -> 0.8372093 | AD8: Av defender cost | AE8: =AVERAGEIF($AA$2:$AA$100,"D",$AF$2:$AF$100) -> 124157.89 | AF8: =IF(RIGHT(Y8,1)="k", VALUE(SUBSTITUTE(SUBSTITUTE(Y8,"€",""),"k",""))*1000, IF(RIGHT(Y8,1)="m", VALUE(SUBSTITUTE(SUBSTITUTE(Y8,"€",""),"m",""))*1000000, VALUE(SUBSTITUTE(Y8,"€","")))) -> 1000000
A9: Adam Foley | B9: IRL | C9: MF,FW | D9: Drogheda United | E9: 34 | F9: 1989 | G9: 33 | H9: 20 | I9: 1770 | J9: 19.7 | K9: 4 | L9: 3 | M9: 7 | N9: 4 | O9: 0 | P9: 0 | Q9: 6 | R9: 0 | S9: 0.2 | T9: 0.15 | U9: 0.36 | V9: 0.2 | W9: 0.36 | X9: 1,88m | Y9: €50k | Z9: 1.6111111 | AA9: =IF(OR(ISNUMBER(SEARCH("DF", C9)), ISNUMBER(SEARCH("GK", C9))), "D", IF(ISNUMBER(SEARCH("MF", C9)), "M", IF(ISNUMBER(SEARCH("FW", C9)), "A","Unknown"))) -> M | AB9: =Z9 * IF(AA9="M", 2, IF(AA9="A", 4, 1)) -> 3.2222222 | AC9: =1/(AB9) -> 0.31034483 | AD9: av attyacker cost | AE9: =AVERAGEIF($AA$2:$AA$100,"A",$AF$2:$AF$100) -> 141636.36 | AF9: =IF(RIGHT(Y9,1)="k", VALUE(SUBSTITUTE(SUBSTITUTE(Y9,"€",""),"k",""))*1000, IF(RIGHT(Y9,1)="m", VALUE(SUBSTITUTE(SUBSTITUTE(Y9,"€",""),"m",""))*1000000, VALUE(SUBSTITUTE(Y9,"€","")))) -> 50000
A10: Adam McDonnell | B10: IRL | C10: MF | D10: Bohemian FC | E10: 26 | F10: 1997 | G10: 35 | H10: 33 | I10: 2655 | J10: 29.5 | K10: 0 | L10: 2 | M10: 2 | N10: 0 | O10: 0 | P10: 0 | Q10: 8 | R10: 0 | S10: 0 | T10: 0.07 | U10: 0.07 | V10: 0 | W10: 0.07 | X10: 1,74m | Y10: €100k | Z10: 1.1944444 | AA10: =IF(OR(ISNUMBER(SEARCH("DF", C10)), ISNUMBER(SEARCH("GK", C10))), "D", IF(ISNUMBER(SEARCH("MF", C10)), "M", IF(ISNUMBER(SEARCH("FW", C10)), "A","Unknown"))) -> M | AB10: =Z10 * IF(AA10="M", 2, IF(AA10="A", 4, 1)) -> 2.3888889 | AC10: =1/(AB10) -> 0.41860465 | AF10: =IF(RIGHT(Y10,1)="k", VALUE(SUBSTITUTE(SUBSTITUTE(Y10,"€",""),"k",""))*1000, IF(RIGHT(Y10,1)="m", VALUE(SUBSTITUTE(SUBSTITUTE(Y10,"€",""),"m",""))*1000000, VALUE(SUBSTITUTE(Y10,"€","")))) -> 100000
A11: Adam O'Reilly | B11: IRL | C11: MF | D11: Derry City | E11: 22 | F11: 2001 | G11: 35 | H11: 32 | I11: 2842 | J11: 31.6 | K11: 1 | L11: 0 | M11: 1 | N11: 1 | O11: 0 | P11: 0 | Q11: 9 | R11: 0 | S11: 0.03 | T11: 0 | U11: 0.03 | V11: 0.03 | W11: 0.03 | X11: 1,68m | Y11: €400k | Z11: 0.86111111 | AA11: =IF(OR(ISNUMBER(SEARCH("DF", C11)), ISNUMBER(SEARCH("GK", C11))), "D", IF(ISNUMBER(SEARCH("MF", C11)), "M", IF(ISNUMBER(SEARCH("FW", C11)), "A","Unknown"))) -> M | AB11: =Z11 * IF(AA11="M", 2, IF(AA11="A", 4, 1)) -> 1.7222222 | AC11: =1/(AB11) -> 0.58064516 | AF11: =IF(RIGHT(Y11,1)="k", VALUE(SUBSTITUTE(SUBSTITUTE(Y11,"€",""),"k",""))*1000, IF(RIGHT(Y11,1)="m", VALUE(SUBSTITUTE(SUBSTITUTE(Y11,"€",""),"m",""))*1000000, VALUE(SUBSTITUTE(Y11,"€","")))) -> 400000
A12: Aidan Keena | B12: IRL | C12: FW | D12: St Patrick's | E12: 24 | F12: 1999 | G12: 11 | H12: 9 | I12: 702 | J12: 7.8 | K12: 5 | L12: 0 | M12: 5 | N12: 4 | O12: 1 | P12: 1 | Q12: 0 | R12: 0 | S12: 0.64 | T12: 0 | U12: 0.64 | V12: 0.51 | W12: 0.51 | X12: 1,81m | Y12: €200k | Z12: 1.0277778 | AA12: =IF(OR(ISNUMBER(SEARCH("DF", C12)), ISNUMBER(SEARCH("GK", C12))), "D", IF(ISNUMBER(SEARCH("MF", C12)), "M", IF(ISNUMBER(SEARCH("FW", C12)), "A","Unknown"))) -> A | AB12: =Z12 * IF(AA12="M", 2, IF(AA12="A", 4, 1)) -> 4.1111111 | AC12: =1/(AB12) -> 0.24324324 | AF12: =IF(RIGHT(Y12,1)="k", VALUE(SUBSTITUTE(SUBSTITUTE(Y12,"€",""),"k",""))*1000, IF(RIGHT(Y12,1)="m", VALUE(SUBSTITUTE(SUBSTITUTE(Y12,"€",""),"m",""))*1000000, VALUE(SUBSTITUTE(Y12,"€","")))) -> 200000
A13: Aiden O'Brien | B13: IRL | C13: FW | D13: Shelbourne FC | E13: 30 | F13: 1993 | G13: 8 | H13: 5 | I13: 459 | J13: 5.1 | K13: 1 | L13: 0 | M13: 1 | N13: 1 | O13: 0 | P13: 0 | Q13: 0 | R13: 0 | S13: 0.2 | T13: 0 | U13: 0.2 | V13: 0.2 | W13: 0.2 | X13: 1,80m | Y13: €600k | Z13: 0.75 | AA13: =IF(OR(ISNUMBER(SEARCH("DF", C13)), ISNUMBER(SEARCH("GK", C13))), "D", IF(ISNUMBER(SEARCH("MF", C13)), "M", IF(ISNUMBER(SEARCH("FW", C13)), "A","Unknown"))) -> A | AB13: =Z13 * IF(AA13="M", 2, IF(AA13="A", 4, 1)) -> 3 | AC13: =1/(AB13) -> 0.33333333 | AF13: =IF(RIGHT(Y13,1)="k", VALUE(SUBSTITUTE(SUBSTITUTE(Y13,"€",""),"k",""))*1000, IF(RIGHT(Y13,1)="m", VALUE(SUBSTITUTE(SUBSTITUTE(Y13,"€",""),"m",""))*1000000, VALUE(SUBSTITUTE(Y13,"€","")))) -> 600000
A14: Al Amin Kazeem | B14: ENG | C14: DF | D14: St Patrick's | E14: 21 | F14: 2002 | G14: 8 | H14: 2 | I14: 210 | J14: 2.3 | K14: 1 | L14: 0 | M14: 1 | N14: 1 | O14: 0 | P14: 0 | Q14: 1 | R14: 0 | S14: 0.43 | T14: 0 | U14: 0.43 | V14: 0.43 | W14: 0.43 | X14: 1,88m | Y14: €25k | Z14: 1.0277778 | AA14: =IF(OR(ISNUMBER(SEARCH("DF", C14)), ISNUMBER(SEARCH("GK", C14))), "D", IF(ISNUMBER(SEARCH("MF", C14)), "M", IF(ISNUMBER(SEARCH("FW", C14)), "A","Unknown"))) -> D | AB14: =Z14 * IF(AA14="M", 2, IF(AA14="A", 4, 1)) -> 1.0277778 | AC14: =1/(AB14) -> 0.97297297 | AF14: =IF(RIGHT(Y14,1)="k", VALUE(SUBSTITUTE(SUBSTITUTE(Y14,"€",""),"k",""))*1000, IF(RIGHT(Y14,1)="m", VALUE(SUBSTITUTE(SUBSTITUTE(Y14,"€",""),"m",""))*1000000, VALUE(SUBSTITUTE(Y14,"€","")))) -> 25000
A15: Al Amin Kazeem | B15: ENG | C15: DF | D15: Galway United | E15: 21 | F15: 2002 | G15: 20 | H15: 14 | I15: 1360 | J15: 15.1 | K15: 0 | L15: 0 | M15: 0 | N15: 0 | O15: 0 | P15: 0 | Q15: 4 | R15: 0 | S15: 0 | T15: 0 | U15: 0 | V15: 0 | W15: 0 | X15: 1,78m | Y15: €350k | Z15: 0.80555556 | AA15: =IF(OR(ISNUMBER(SEARCH("DF", C15)), ISNUMBER(SEARCH("GK", C15))), "D", IF(ISNUMBER(SEARCH("MF", C15)), "M", IF(ISNUMBER(SEARCH("FW", C15)), "A","Unknown"))) -> D | AB15: =Z15 * IF(AA15="M", 2, IF(AA15="A", 4, 1)) -> 0.80555556 | AC15: =1/(AB15) -> 1.2413793 | AF15: =IF(RIGHT(Y15,1)="k", VALUE(SUBSTITUTE(SUBSTITUTE(Y15,"€",""),"k",""))*1000, IF(RIGHT(Y15,1)="m", VALUE(SUBSTITUTE(SUBSTITUTE(Y15,"€",""),"m",""))*1000000, VALUE(SUBSTITUTE(Y15,"€","")))) -> 350000
A16: Alex Greive | B16: NZL | C16: FW | D16: Bohemian FC | E16: 24 | F16: 1999 | G16: 11 | H16: 3 | I16: 309 | J16: 3.4 | K16: 0 | L16: 0 | M16: 0 | N16: 0 | O16: 0 | P16: 0 | Q16: 0 | R16: 0 | S16: 0 | T16: 0 | U16: 0 | V16: 0 | W16: 0 | X16: 1,85m | Y16: €88k | Z16: 1.1944444 | AA16: =IF(OR(ISNUMBER(SEARCH("DF", C16)), ISNUMBER(SEARCH("GK", C16))), "D", IF(ISNUMBER(SEARCH("MF", C16)), "M", IF(ISNUMBER(SEARCH("FW", C16)), "A","Unknown"))) -> A | AB16: =Z16 * IF(AA16="M", 2, IF(AA16="A", 4, 1)) -> 4.7777778 | AC16: =1/(AB16) -> 0.20930233 | AF16: =IF(RIGHT(Y16,1)="k", VALUE(SUBSTITUTE(SUBSTITUTE(Y16,"€",""),"k",""))*1000, IF(RIGHT(Y16,1)="m", VALUE(SUBSTITUTE(SUBSTITUTE(Y16,"€",""),"m",""))*1000000, VALUE(SUBSTITUTE(Y16,"€","")))) -> 88000
A17: Alex Nolan | B17: IRL | C17: MF | D17: St Patrick's | E17: 20 | F17: 2003 | G17: 22 | H17: 7 | I17: 725 | J17: 8.1 | K17: 2 | L17: 0 | M17: 2 | N17: 2 | O17: 0 | P17: 0 | Q17: 3 | R17: 0 | S17: 0.25 | T17: 0 | U17: 0.25 | V17: 0.25 | W17: 0.25 | X17: 1.79 m | Y17: €19k | Z17: 1.0277778 | AA17: =IF(OR(ISNUMBER(SEARCH("DF", C17)), ISNUMBER(SEARCH("GK", C17))), "D", IF(ISNUMBER(SEARCH("MF", C17)), "M", IF(ISNUMBER(SEARCH("FW", C17)), "A","Unknown"))) -> M | AB17: =Z17 * IF(AA17="M", 2, IF(AA17="A", 4, 1)) -> 2.0555556 | AC17: =1/(AB17) -> 0.48648649 | AF17: =IF(RIGHT(Y17,1)="k", VALUE(SUBSTITUTE(SUBSTITUTE(Y17,"€",""),"k",""))*1000, IF(RIGHT(Y17,1)="m", VALUE(SUBSTITUTE(SUBSTITUTE(Y17,"€",""),"m",""))*1000000, VALUE(SUBSTITUTE(Y17,"€","")))) -> 19000
A18: Ali Coote | B18: SCO | C18: MF,FW | D18: Shelbourne FC | E18: 25 | F18: 1998 | G18: 13 | H18: 8 | I18: 669 | J18: 7.4 | K18: 1 | L18: 0 | M18: 1 | N18: 1 | O18: 0 | P18: 0 | Q18: 3 | R18: 0 | S18: 0.13 | T18: 0 | U18: 0.13 | V18: 0.13 | W18: 0.13 | X18: 1,86m | Y18: €300k | Z18: 0.75 | AA18: =IF(OR(ISNUMBER(SEARCH("DF", C18)), ISNUMBER(SEARCH("GK", C18))), "D", IF(ISNUMBER(SEARCH("MF", C18)), "M", IF(ISNUMBER(SEARCH("FW", C18)), "A","Unknown"))) -> M | AB18: =Z18 * IF(AA18="M", 2, IF(AA18="A", 4, 1)) -> 1.5 | AC18: =1/(AB18) -> 0.66666667 | AF18: =IF(RIGHT(Y18,1)="k", VALUE(SUBSTITUTE(SUBSTITUTE(Y18,"€",""),"k",""))*1000, IF(RIGHT(Y18,1)="m", VALUE(SUBSTITUTE(SUBSTITUTE(Y18,"€",""),"m",""))*1000000, VALUE(SUBSTITUTE(Y18,"€","")))) -> 300000
A19: Andre Wisdom | B19: ENG | C19: DF | D19: Derry City | E19: 30 | F19: 1993 | G19: 9 | H19: 9 | I19: 750 | J19: 8.3 | K19: 0 | L19: 0 | M19: 0 | N19: 0 | O19: 0 | P19: 0 | Q19: 1 | R19: 0 | S19: 0 | T19: 0 | U19: 0 | V19: 0 | W19: 0 | X19: 1,88m | Y19: €75k | Z19: 0.86111111 | AA19: =IF(OR(ISNUMBER(SEARCH("DF", C19)), ISNUMBER(SEARCH("GK", C19))), "D", IF(ISNUMBER(SEARCH("MF", C19)), "M", IF(ISNUMBER(SEARCH("FW", C19)), "A","Unknown"))) -> D | AB19: =Z19 * IF(AA19="M", 2, IF(AA19="A", 4, 1)) -> 0.86111111 | AC19: =1/(AB19) -> 1.1612903 | AF19: =IF(RIGHT(Y19,1)="k", VALUE(SUBSTITUTE(SUBSTITUTE(Y19,"€",""),"k",""))*1000, IF(RIGHT(Y19,1)="m", VALUE(SUBSTITUTE(SUBSTITUTE(Y19,"€",""),"m",""))*1000000, VALUE(SUBSTITUTE(Y19,"€","")))) -> 75000
A20: Andrew Quinn | B20: IRL | C20: DF | D20: Drogheda United | E20: 22 | F20: 2002 | G20: 27 | H20: 25 | I20: 2097 | J20: 23.3 | K20: 2 | L20: 1 | M20: 3 | N20: 2 | O20: 0 | P20: 0 | Q20: 2 | R20: 0 | S20: 0.09 | T20: 0.04 | U20: 0.13 | V20: 0.09 | W20: 0.13 | X20: 1,89m | Y20: €19k | Z20: 1.6111111 | AA20: =IF(OR(ISNUMBER(SEARCH("DF", C20)), ISNUMBER(SEARCH("GK", C20))), "D", IF(ISNUMBER(SEARCH("MF", C20)), "M", IF(ISNUMBER(SEARCH("FW", C20)), "A","Unknown"))) -> D | AB20: =Z20 * IF(AA20="M", 2, IF(AA20="A", 4, 1)) -> 1.6111111 | AC20: =1/(AB20) -> 0.62068966 | AF20: =IF(RIGHT(Y20,1)="k", VALUE(SUBSTITUTE(SUBSTITUTE(Y20,"€",""),"k",""))*1000, IF(RIGHT(Y20,1)="m", VALUE(SUBSTITUTE(SUBSTITUTE(Y20,"€",""),"m",""))*1000000, VALUE(SUBSTITUTE(Y20,"€","")))) -> 19000
A21: Andrew Wogan | B21: IRL | C21: GK | D21: Drogheda United | E21: 18 | F21: 2005 | G21: 19 | H21: 17 | I21: 1590 | J21: 17.7 | K21: 0 | L21: 1 | M21: 1 | N21: 0 | O21: 0 | P21: 0 | Q21: 1 | R21: 0 | S21: 0 | T21: 0.06 | U21: 0.06 | V21: 0 | W21: 0.06 | X21: 1,73m | Y21: €19k | Z21: 1.6111111 | AA21: =IF(OR(ISNUMBER(SEARCH("DF", C21)), ISNUMBER(SEARCH("GK", C21))), "D", IF(ISNUMBER(SEARCH("MF", C21)), "M", IF(ISNUMBER(SEARCH("FW", C21)), "A","Unknown"))) -> D | AB21: =Z21 * IF(AA21="M", 2, IF(AA21="A", 4, 1)) -> 1.6111111 | AC21: =1/(AB21) -> 0.62068966 | AF21: =IF(RIGHT(Y21,1)="k", VALUE(SUBSTITUTE(SUBSTITUTE(Y21,"€",""),"k",""))*1000, IF(RIGHT(Y21,1)="m", VALUE(SUBSTITUTE(SUBSTITUTE(Y21,"€",""),"m",""))*1000000, VALUE(SUBSTITUTE(Y21,"€","")))) -> 19000
... A97: Ellis Chapman | B97: ENG | C97: MF | D97: Sligo Rovers | E97: 23 | F97: 2001 | G97: 34 | H97: 33 | I97: 2764 | J97: 30.7 | K97: 9 | L97: 4 | M97: 13 | N97: 7 | O97: 2 | P97: 2 | Q97: 7 | R97: 0 | S97: 0.29 | T97: 0.13 | U97: 0.42 | V97: 0.23 | W97: 0.36 | X97: 1,90m | Y97: €65k | Z97: 1.4166667 | AA97: =IF(OR(ISNUMBER(SEARCH("DF", C97)), ISNUMBER(SEARCH("GK", C97))), "D", IF(ISNUMBER(SEARCH("MF", C97)), "M", IF(ISNUMBER(SEARCH("FW", C97)), "A","Unknown"))) -> M | AB97: =Z97 * IF(AA97="M", 2, IF(AA97="A", 4, 1)) -> 2.8333333 | AC97: =1/(AB97) -> 0.35294118 | AF97: =IF(RIGHT(Y97,1)="k", VALUE(SUBSTITUTE(SUBSTITUTE(Y97,"€",""),"k",""))*1000, IF(RIGHT(Y97,1)="m", VALUE(SUBSTITUTE(SUBSTITUTE(Y97,"€",""),"m",""))*1000000, VALUE(SUBSTITUTE(Y97,"€","")))) -> 65000
A98: Emre Topcu | C98: MF | D98: Drogheda United | E98: 18 | F98: 2005 | G98: 1 | H98: 0 | I98: 15 | J98: 0.2 | K98: 0 | L98: 0 | M98: 0 | N98: 0 | O98: 0 | P98: 0 | Q98: 0 | R98: 0 | S98: 0 | T98: 0 | U98: 0 | V98: 0 | W98: 0 | X98: 1.79 m | Y98: €52k | Z98: 1.6111111 | AA98: =IF(OR(ISNUMBER(SEARCH("DF", C98)), ISNUMBER(SEARCH("GK", C98))), "D", IF(ISNUMBER(SEARCH("MF", C98)), "M", IF(ISNUMBER(SEARCH("FW", C98)), "A","Unknown"))) -> M | AB98: =Z98 * IF(AA98="M", 2, IF(AA98="A", 4, 1)) -> 3.2222222 | AC98: =1/(AB98) -> 0.31034483 | AF98: =IF(RIGHT(Y98,1)="k", VALUE(SUBSTITUTE(SUBSTITUTE(Y98,"€",""),"k",""))*1000, IF(RIGHT(Y98,1)="m", VALUE(SUBSTITUTE(SUBSTITUTE(Y98,"€",""),"m",""))*1000000, VALUE(SUBSTITUTE(Y98,"€","")))) -> 52000
A99: Eoin Kenny | B99: NIR | C99: FW | D99: Dundalk FC | E99: 18 | F99: 2005 | G99: 25 | H99: 9 | I99: 864 | J99: 9.6 | K99: 2 | L99: 1 | M99: 3 | N99: 2 | O99: 0 | P99: 0 | Q99: 5 | R99: 0 | S99: 0.21 | T99: 0.1 | U99: 0.31 | V99: 0.21 | W99: 0.31 | X99: 1,91m | Y99: €150k | Z99: 1.3888889 | AA99: =IF(OR(ISNUMBER(SEARCH("DF", C99)), ISNUMBER(SEARCH("GK", C99))), "D", IF(ISNUMBER(SEARCH("MF", C99)), "M", IF(ISNUMBER(SEARCH("FW", C99)), "A","Unknown"))) -> A | AB99: =Z99 * IF(AA99="M", 2, IF(AA99="A", 4, 1)) -> 5.5555556 | AC99: =1/(AB99) -> 0.18 | AF99: =IF(RIGHT(Y99,1)="k", VALUE(SUBSTITUTE(SUBSTITUTE(Y99,"€",""),"k",""))*1000, IF(RIGHT(Y99,1)="m", VALUE(SUBSTITUTE(SUBSTITUTE(Y99,"€",""),"m",""))*1000000, VALUE(SUBSTITUTE(Y99,"€","")))) -> 150000
A100: Evan Caffrey | B100: IRL | C100: MF | D100: Shelbourne FC | E100: 20 | F100: 2003 | G100: 34 | H100: 17 | I100: 1822 | J100: 20.2 | K100: 3 | L100: 2 | M100: 5 | N100: 3 | O100: 0 | P100: 0 | Q100: 4 | R100: 0 | S100: 0.15 | T100: 0.1 | U100: 0.25 | V100: 0.15 | W100: 0.25 | X100: 1,78m | Y100: €117k | Z100: 0.75 | AA100: =IF(OR(ISNUMBER(SEARCH("DF", C100)), ISNUMBER(SEARCH("GK", C100))), "D", IF(ISNUMBER(SEARCH("MF", C100)), "M", IF(ISNUMBER(SEARCH("FW", C100)), "A","Unknown"))) -> M | AB100: =Z100 * IF(AA100="M", 2, IF(AA100="A", 4, 1)) -> 1.5 | AC100: =1/(AB100) -> 0.66666667 | AF100: =IF(RIGHT(Y100,1)="k", VALUE(SUBSTITUTE(SUBSTITUTE(Y100,"€",""),"k",""))*1000, IF(RIGHT(Y100,1)="m", VALUE(SUBSTITUTE(SUBSTITUTE(Y100,"€",""),"m",""))*1000000, VALUE(SUBSTITUTE(Y100,"€","")))) -> 117000
A101: Evan Haddock | B101: IRL | C101: MF | D101: Drogheda United | E101: 18 | F101: 2005 | G101: 1 | H101: 0 | I101: 5 | J101: 0.1 | K101: 0 | L101: 0 | M101: 0 | N101: 0 | O101: 0 | P101: 0 | Q101: 0 | R101: 0 | S101: 0 | T101: 0 | U101: 0 | V101: 0 | W101: 0 | X101: 1.79 m | Y101: €52k | Z101: 1.6111111 | AA101: =IF(OR(ISNUMBER(SEARCH("DF", C101)), ISNUMBER(SEARCH("GK", C101))), "D", IF(ISNUMBER(SEARCH("MF", C101)), "M", IF(ISNUMBER(SEARCH("FW", C101)), "A","Unknown"))) -> M | AB101: =Z101 * IF(AA101="M", 2, IF(AA101="A", 4, 1)) -> 3.2222222 | AC101: =1/(AB101) -> 0.31034483 | AF101: =IF(RIGHT(Y101,1)="k", VALUE(SUBSTITUTE(SUBSTITUTE(Y101,"€",""),"k",""))*1000, IF(RIGHT(Y101,1)="m", VALUE(SUBSTITUTE(SUBSTITUTE(Y101,"€",""),"m",""))*1000000, VALUE(SUBSTITUTE(Y101,"€","")))) -> 52000
A102: Evan Weir | B102: IRL | C102: DF,MF | D102: Drogheda United | E102: 21 | F102: 2002 | G102: 19 | H102: 19 | I102: 1637 | J102: 18.2 | K102: 4 | L102: 2 | M102: 6 | N102: 4 | O102: 0 | P102: 0 | Q102: 5 | R102: 0 | S102: 0.22 | T102: 0.11 | U102: 0.33 | V102: 0.22 | W102: 0.33 | X102: 1.79 m | Y102: €65k | Z102: 1.6111111 | AA102: =IF(OR(ISNUMBER(SEARCH("DF", C102)), ISNUMBER(SEARCH("GK", C102))), "D", IF(ISNUMBER(SEARCH("MF", C102)), "M", IF(ISNUMBER(SEARCH("FW", C102)), "A","Unknown"))) -> D | AB102: =Z102 * IF(AA102="M", 2, IF(AA102="A", 4, 1)) -> 1.6111111 | AC102: =1/(AB102) -> 0.62068966 | AF102: =IF(RIGHT(Y102,1)="k", VALUE(SUBSTITUTE(SUBSTITUTE(Y102,"€",""),"k",""))*1000, IF(RIGHT(Y102,1)="m", VALUE(SUBSTITUTE(SUBSTITUTE(Y102,"€",""),"m",""))*1000000, VALUE(SUBSTITUTE(Y102,"€","")))) -> 65000
A103: Fabrice Hartmann | B103: GER | C103: MF,FW | D103: Sligo Rovers | E103: 22 | F103: 2001 | G103: 21 | H103: 19 | I103: 1390 | J103: 15.4 | K103: 4 | L103: 3 | M103: 7 | N103: 4 | O103: 0 | P103: 0 | Q103: 4 | R103: 0 | S103: 0.26 | T103: 0.19 | U103: 0.45 | V103: 0.26 | W103: 0.45 | X103: 1,86m | Y103: €39k | Z103: 1.4166667 | AA103: =IF(OR(ISNUMBER(SEARCH("DF", C103)), ISNUMBER(SEARCH("GK", C103))), "D", IF(ISNUMBER(SEARCH("MF", C103)), "M", IF(ISNUMBER(SEARCH("FW", C103)), "A","Unknown"))) -> M | AB103: =Z103 * IF(AA103="M", 2, IF(AA103="A", 4, 1)) -> 2.8333333 | AC103: =1/(AB103) -> 0.35294118 | AF103: =IF(RIGHT(Y103,1)="k", VALUE(SUBSTITUTE(SUBSTITUTE(Y103,"€",""),"k",""))*1000, IF(RIGHT(Y103,1)="m", VALUE(SUBSTITUTE(SUBSTITUTE(Y103,"€",""),"m",""))*1000000, VALUE(SUBSTITUTE(Y103,"€","")))) -> 39000
A104: Felix Goddard | B104: ENG | C104: GK | D104: Dundalk FC | E104: 19 | F104: 2004 | G104: 6 | H104: 6 | I104: 540 | J104: 6 | K104: 0 | L104: 0 | M104: 0 | N104: 0 | O104: 0 | P104: 0 | Q104: 0 | R104: 0 | S104: 0 | T104: 0 | U104: 0 | V104: 0 | W104: 0 | X104: 1,95m | Y104: €72k | Z104: 1.3888889 | AA104: =IF(OR(ISNUMBER(SEARCH("DF", C104)), ISNUMBER(SEARCH("GK", C104))), "D", IF(ISNUMBER(SEARCH("MF", C104)), "M", IF(ISNUMBER(SEARCH("FW", C104)), "A","Unknown"))) -> D | AB104: =Z104 * IF(AA104="M", 2, IF(AA104="A", 4, 1)) -> 1.3888889 | AC104: =1/(AB104) -> 0.72 | AF104: =IF(RIGHT(Y104,1)="k", VALUE(SUBSTITUTE(SUBSTITUTE(Y104,"€",""),"k",""))*1000, IF(RIGHT(Y104,1)="m", VALUE(SUBSTITUTE(SUBSTITUTE(Y104,"€",""),"m",""))*1000000, VALUE(SUBSTITUTE(Y104,"€","")))) -> 72000
A105: Filip Piszczek | B105: POL | C105: FW | D105: Bohemian FC | E105: 28 | F105: 1995 | G105: 21 | H105: 4 | I105: 692 | J105: 7.7 | K105: 2 | L105: 1 | M105: 3 | N105: 2 | O105: 0 | P105: 0 | Q105: 9 | R105: 0 | S105: 0.26 | T105: 0.13 | U105: 0.39 | V105: 0.26 | W105: 0.39 | X105: 1,75m | Y105: €25k | Z105: 1.1944444 | AA105: =IF(OR(ISNUMBER(SEARCH("DF", C105)), ISNUMBER(SEARCH("GK", C105))), "D", IF(ISNUMBER(SEARCH("MF", C105)), "M", IF(ISNUMBER(SEARCH("FW", C105)), "A","Unknown"))) -> A | AB105: =Z105 * IF(AA105="M", 2, IF(AA105="A", 4, 1)) -> 4.7777778 | AC105: =1/(AB105) -> 0.20930233 | AF105: =IF(RIGHT(Y105,1)="k", VALUE(SUBSTITUTE(SUBSTITUTE(Y105,"€",""),"k",""))*1000, IF(RIGHT(Y105,1)="m", VALUE(SUBSTITUTE(SUBSTITUTE(Y105,"€",""),"m",""))*1000000, VALUE(SUBSTITUTE(Y105,"€","")))) -> 25000
A106: Francely Lomboto | B106: IRL | C106: FW | D106: Galway United | E106: 23 | F106: 2000 | G106: 20 | H106: 2 | I106: 417 | J106: 4.6 | K106: 1 | L106: 0 | M106: 1 | N106: 1 | O106: 0 | P106: 1 | Q106: 1 | R106: 0 | S106: 0.22 | T106: 0 | U106: 0.22 | V106: 0.22 | W106: 0.22 | X106: 1.79 m | Y106: €25k | Z106: 0.80555556 | AA106: =IF(OR(ISNUMBER(SEARCH("DF", C106)), ISNUMBER(SEARCH("GK", C106))), "D", IF(ISNUMBER(SEARCH("MF", C106)), "M", IF(ISNUMBER(SEARCH("FW", C106)), "A","Unknown"))) -> A | AB106: =Z106 * IF(AA106="M", 2, IF(AA106="A", 4, 1)) -> 3.2222222 | AC106: =1/(AB106) -> 0.31034483 | AF106: =IF(RIGHT(Y106,1)="k", VALUE(SUBSTITUTE(SUBSTITUTE(Y106,"€",""),"k",""))*1000, IF(RIGHT(Y106,1)="m", VALUE(SUBSTITUTE(SUBSTITUTE(Y106,"€",""),"m",""))*1000000, VALUE(SUBSTITUTE(Y106,"€","")))) -> 25000
A107: Frantz Pierrot | B107: HAI | C107: FW | D107: Drogheda United | E107: 24 | F107: 1999 | G107: 31 | H107: 24 | I107: 2064 | J107: 22.9 | K107: 10 | L107: 1 | M107: 11 | N107: 9 | O107: 1 | P107: 1 | Q107: 6 | R107: 1 | S107: 0.44 | T107: 0.04 | U107: 0.48 | V107: 0.39 | W107: 0.44 | X107: 1.79 m | Y107: €50k | Z107: 1.6111111 | AA107: =IF(OR(ISNUMBER(SEARCH("DF", C107)), ISNUMBER(SEARCH("GK", C107))), "D", IF(ISNUMBER(SEARCH("MF", C107)), "M", IF(ISNUMBER(SEARCH("FW", C107)), "A","Unknown"))) -> A | AB107: =Z107 * IF(AA107="M", 2, IF(AA107="A", 4, 1)) -> 6.4444444 | AC107: =1/(AB107) -> 0.15517241 | AF107: =IF(RIGHT(Y107,1)="k", VALUE(SUBSTITUTE(SUBSTITUTE(Y107,"€",""),"k",""))*1000, IF(RIGHT(Y107,1)="m", VALUE(SUBSTITUTE(SUBSTITUTE(Y107,"€",""),"m",""))*1000000, VALUE(SUBSTITUTE(Y107,"€","")))) -> 50000
A108: Gareth McElroy | B108: IRL | C108: DF | D108: Sligo Rovers | E108: 16 | F108: 2007 | G108: 4 | H108: 4 | I108: 358 | J108: 4 | K108: 0 | L108: 0 | M108: 0 | N108: 0 | O108: 0 | P108: 0 | Q108: 2 | R108: 0 | S108: 0 | T108: 0 | U108: 0 | V108: 0 | W108: 0 | X108: 1,75m | Y108: €86k | Z108: 1.4166667 | AA108: =IF(OR(ISNUMBER(SEARCH("DF", C108)), ISNUMBER(SEARCH("GK", C108))), "D", IF(ISNUMBER(SEARCH("MF", C108)), "M", IF(ISNUMBER(SEARCH("FW", C108)), "A","Unknown"))) -> D | AB108: =Z108 * IF(AA108="M", 2, IF(AA108="A", 4, 1)) -> 1.4166667 | AC108: =1/(AB108) -> 0.70588235 | AF108: =IF(RIGHT(Y108,1)="k", VALUE(SUBSTITUTE(SUBSTITUTE(Y108,"€",""),"k",""))*1000, IF(RIGHT(Y108,1)="m", VALUE(SUBSTITUTE(SUBSTITUTE(Y108,"€",""),"m",""))*1000000, VALUE(SUBSTITUTE(Y108,"€","")))) -> 86000
A109: Garry Buckley | B109: IRL | C109: DF,MF | D109: Galway United | E109: 30 | F109: 1993 | G109: 21 | H109: 18 | I109: 1649 | J109: 18.3 | K109: 0 | L109: 0 | M109: 0 | N109: 0 | O109: 0 | P109: 0 | Q109: 4 | R109: 0 | S109: 0 | T109: 0 | U109: 0 | V109: 0 | W109: 0 | X109: 1,80m | Y109: €275k | Z109: 0.80555556 | AA109: =IF(OR(ISNUMBER(SEARCH("DF", C109)), ISNUMBER(SEARCH("GK", C109))), "D", IF(ISNUMBER(SEARCH("MF", C109)), "M", IF(ISNUMBER(SEARCH("FW", C109)), "A","Unknown"))) -> D | AB109: =Z109 * IF(AA109="M", 2, IF(AA109="A", 4, 1)) -> 0.80555556 | AC109: =1/(AB109) -> 1.2413793 | AF109: =IF(RIGHT(Y109,1)="k", VALUE(SUBSTITUTE(SUBSTITUTE(Y109,"€",""),"k",""))*1000, IF(RIGHT(Y109,1)="m", VALUE(SUBSTITUTE(SUBSTITUTE(Y109,"€",""),"m",""))*1000000, VALUE(SUBSTITUTE(Y109,"€","")))) -> 275000
A110: Gary Deegan | B110: IRL | C110: MF | D110: Drogheda United | E110: 36 | F110: 1987 | G110: 22 | H110: 18 | I110: 1669 | J110: 18.5 | K110: 0 | L110: 1 | M110: 1 | N110: 0 | O110: 0 | P110: 0 | Q110: 6 | R110: 0 | S110: 0 | T110: 0.05 | U110: 0.05 | V110: 0 | W110: 0.05 | X110: 1,85m | Y110: €75k | Z110: 1.6111111 | AA110: =IF(OR(ISNUMBER(SEARCH("DF", C110)), ISNUMBER(SEARCH("GK", C110))), "D", IF(ISNUMBER(SEARCH("MF", C110)), "M", IF(ISNUMBER(SEARCH("FW", C110)), "A","Unknown"))) -> M | AB110: =Z110 * IF(AA110="M", 2, IF(AA110="A", 4, 1)) -> 3.2222222 | AC110: =1/(AB110) -> 0.31034483 | AF110: =IF(RIGHT(Y110,1)="k", VALUE(SUBSTITUTE(SUBSTITUTE(Y110,"€",""),"k",""))*1000, IF(RIGHT(Y110,1)="m", VALUE(SUBSTITUTE(SUBSTITUTE(Y110,"€",""),"m",""))*1000000, VALUE(SUBSTITUTE(Y110,"€","")))) -> 75000
... A133: James Bolger | B133: IRL | C133: DF | D133: Drogheda United | E133: 23 | F133: 2000 | G133: 12 | H133: 12 | I133: 1031 | J133: 11.5 | K133: 0 | L133: 0 | M133: 0 | N133: 0 | O133: 0 | P133: 0 | Q133: 3 | R133: 0 | S133: 0 | T133: 0 | U133: 0 | V133: 0 | W133: 0 | X133: 1,90m | Y133: €88k | Z133: 1.6111111 | AA133: =IF(OR(ISNUMBER(SEARCH("DF", C133)), ISNUMBER(SEARCH("GK", C133))), "D", IF(ISNUMBER(SEARCH("MF", C133)), "M", IF(ISNUMBER(SEARCH("FW", C133)), "A","Unknown"))) -> D | AB133: =Z133 * IF(AA133="M", 2, IF(AA133="A", 4, 1)) -> 1.6111111 | AC133: =1/(AB133) -> 0.62068966 | AF133: =IF(RIGHT(Y133,1)="k", VALUE(SUBSTITUTE(SUBSTITUTE(Y133,"€",""),"k",""))*1000, IF(RIGHT(Y133,1)="m", VALUE(SUBSTITUTE(SUBSTITUTE(Y133,"€",""),"m",""))*1000000, VALUE(SUBSTITUTE(Y133,"€","")))) -> 88000
A134: James Byrne | B134: #VALUE! | C134: MF | D134: Drogheda United | G134: 1 | H134: 0 | I134: 20 | J134: 0.2 | K134: 0 | L134: 0 | M134: 0 | N134: 0 | O134: 0 | P134: 0 | Q134: 0 | R134: 0 | S134: 0 | T134: 0 | U134: 0 | V134: 0 | W134: 0 | X134: 1,75m | Y134: €100k | Z134: 1.6111111 | AA134: =IF(OR(ISNUMBER(SEARCH("DF", C134)), ISNUMBER(SEARCH("GK", C134))), "D", IF(ISNUMBER(SEARCH("MF", C134)), "M", IF(ISNUMBER(SEARCH("FW", C134)), "A","Unknown"))) -> M | AB134: =Z134 * IF(AA134="M", 2, IF(AA134="A", 4, 1)) -> 3.2222222 | AC134: =1/(AB134) -> 0.31034483 | AF134: =IF(RIGHT(Y134,1)="k", VALUE(SUBSTITUTE(SUBSTITUTE(Y134,"€",""),"k",""))*1000, IF(RIGHT(Y134,1)="m", VALUE(SUBSTITUTE(SUBSTITUTE(Y134,"€",""),"m",""))*1000000, VALUE(SUBSTITUTE(Y134,"€","")))) -> 100000
A135: James Clarke | B135: IRL | C135: MF,FW | D135: Bohemian FC | E135: 23 | F135: 2001 | G135: 34 | H135: 26 | I135: 2295 | J135: 25.5 | K135: 4 | L135: 1 | M135: 5 | N135: 4 | O135: 0 | P135: 0 | Q135: 7 | R135: 0 | S135: 0.16 | T135: 0.04 | U135: 0.2 | V135: 0.16 | W135: 0.2 | X135: 1,83m | Y135: €20k | Z135: 1.1944444 | AA135: =IF(OR(ISNUMBER(SEARCH("DF", C135)), ISNUMBER(SEARCH("GK", C135))), "D", IF(ISNUMBER(SEARCH("MF", C135)), "M", IF(ISNUMBER(SEARCH("FW", C135)), "A","Unknown"))) -> M | AB135: =Z135 * IF(AA135="M", 2, IF(AA135="A", 4, 1)) -> 2.3888889 | AC135: =1/(AB135) -> 0.41860465 | AF135: =IF(RIGHT(Y135,1)="k", VALUE(SUBSTITUTE(SUBSTITUTE(Y135,"€",""),"k",""))*1000, IF(RIGHT(Y135,1)="m", VALUE(SUBSTITUTE(SUBSTITUTE(Y135,"€",""),"m",""))*1000000, VALUE(SUBSTITUTE(Y135,"€","")))) -> 20000
A136: James Gullan | B136: SCO | C136: FW | D136: Dundalk FC | E136: 24 | F136: 1999 | G136: 31 | H136: 24 | I136: 2079 | J136: 23.1 | K136: 6 | L136: 1 | M136: 7 | N136: 5 | O136: 1 | P136: 1 | Q136: 5 | R136: 0 | S136: 0.26 | T136: 0.04 | U136: 0.3 | V136: 0.22 | W136: 0.26 | X136: 1,88m | Y136: €117k | Z136: 1.3888889 | AA136: =IF(OR(ISNUMBER(SEARCH("DF", C136)), ISNUMBER(SEARCH("GK", C136))), "D", IF(ISNUMBER(SEARCH("MF", C136)), "M", IF(ISNUMBER(SEARCH("FW", C136)), "A","Unknown"))) -> A | AB136: =Z136 * IF(AA136="M", 2, IF(AA136="A", 4, 1)) -> 5.5555556 | AC136: =1/(AB136) -> 0.18 | AF136: =IF(RIGHT(Y136,1)="k", VALUE(SUBSTITUTE(SUBSTITUTE(Y136,"€",""),"k",""))*1000, IF(RIGHT(Y136,1)="m", VALUE(SUBSTITUTE(SUBSTITUTE(Y136,"€",""),"m",""))*1000000, VALUE(SUBSTITUTE(Y136,"€","")))) -> 117000
A137: James McManus | B137: IRL | C137: MF | D137: Bohemian FC | E137: 18 | F137: 2005 | G137: 11 | H137: 8 | I137: 682 | J137: 7.6 | K137: 0 | L137: 0 | M137: 0 | N137: 0 | O137: 0 | P137: 0 | Q137: 2 | R137: 0 | S137: 0 | T137: 0 | U137: 0 | V137: 0 | W137: 0 | X137: 1,75m | Y137: €75k | Z137: 1.1944444 | AA137: =IF(OR(ISNUMBER(SEARCH("DF", C137)), ISNUMBER(SEARCH("GK", C137))), "D", IF(ISNUMBER(SEARCH("MF", C137)), "M", IF(ISNUMBER(SEARCH("FW", C137)), "A","Unknown"))) -> M | AB137: =Z137 * IF(AA137="M", 2, IF(AA137="A", 4, 1)) -> 2.3888889 | AC137: =1/(AB137) -> 0.41860465 | AF137: =IF(RIGHT(Y137,1)="k", VALUE(SUBSTITUTE(SUBSTITUTE(Y137,"€",""),"k",""))*1000, IF(RIGHT(Y137,1)="m", VALUE(SUBSTITUTE(SUBSTITUTE(Y137,"€",""),"m",""))*1000000, VALUE(SUBSTITUTE(Y137,"€","")))) -> 75000
A138: James Talbot | B138: IRL | C138: GK | D138: Bohemian FC | E138: 26 | F138: 1997 | G138: 2 | H138: 2 | I138: 180 | J138: 2 | K138: 0 | L138: 0 | M138: 0 | N138: 0 | O138: 0 | P138: 0 | Q138: 0 | R138: 0 | S138: 0 | T138: 0 | U138: 0 | V138: 0 | W138: 0 | X138: 1,83m | Y138: €100k | Z138: 1.1944444 | AA138: =IF(OR(ISNUMBER(SEARCH("DF", C138)), ISNUMBER(SEARCH("GK", C138))), "D", IF(ISNUMBER(SEARCH("MF", C138)), "M", IF(ISNUMBER(SEARCH("FW", C138)), "A","Unknown"))) -> D | AB138: =Z138 * IF(AA138="M", 2, IF(AA138="A", 4, 1)) -> 1.1944444 | AC138: =1/(AB138) -> 0.8372093 | AF138: =IF(RIGHT(Y138,1)="k", VALUE(SUBSTITUTE(SUBSTITUTE(Y138,"€",""),"k",""))*1000, IF(RIGHT(Y138,1)="m", VALUE(SUBSTITUTE(SUBSTITUTE(Y138,"€",""),"m",""))*1000000, VALUE(SUBSTITUTE(Y138,"€","")))) -> 100000
A139: Jamie Lennon | B139: IRL | C139: MF | D139: St Patrick's | E139: 25 | F139: 1998 | G139: 34 | H139: 33 | I139: 2940 | J139: 32.7 | K139: 2 | L139: 1 | M139: 3 | N139: 2 | O139: 0 | P139: 0 | Q139: 12 | R139: 0 | S139: 0.06 | T139: 0.03 | U139: 0.09 | V139: 0.06 | W139: 0.09 | X139: 1,85m | Y139: €39k | Z139: 1.0277778 | AA139: =IF(OR(ISNUMBER(SEARCH("DF", C139)), ISNUMBER(SEARCH("GK", C139))), "D", IF(ISNUMBER(SEARCH("MF", C139)), "M", IF(ISNUMBER(SEARCH("FW", C139)), "A","Unknown"))) -> M | AB139: =Z139 * IF(AA139="M", 2, IF(AA139="A", 4, 1)) -> 2.0555556 | AC139: =1/(AB139) -> 0.48648649 | AF139: =IF(RIGHT(Y139,1)="k", VALUE(SUBSTITUTE(SUBSTITUTE(Y139,"€",""),"k",""))*1000, IF(RIGHT(Y139,1)="m", VALUE(SUBSTITUTE(SUBSTITUTE(Y139,"€",""),"m",""))*1000000, VALUE(SUBSTITUTE(Y139,"€","")))) -> 39000
A140: Jamie Walker | B140: SCO | C140: DF | D140: Dundalk FC | E140: 22 | F140: 2001 | G140: 3 | H140: 3 | I140: 216 | J140: 2.4 | K140: 0 | L140: 0 | M140: 0 | N140: 0 | O140: 0 | P140: 0 | Q140: 0 | R140: 0 | S140: 0 | T140: 0 | U140: 0 | V140: 0 | W140: 0 | X140: 1,76m | Y140: €200k | Z140: 1.3888889 | AA140: =IF(OR(ISNUMBER(SEARCH("DF", C140)), ISNUMBER(SEARCH("GK", C140))), "D", IF(ISNUMBER(SEARCH("MF", C140)), "M", IF(ISNUMBER(SEARCH("FW", C140)), "A","Unknown"))) -> D | AB140: =Z140 * IF(AA140="M", 2, IF(AA140="A", 4, 1)) -> 1.3888889 | AC140: =1/(AB140) -> 0.72 | AF140: =IF(RIGHT(Y140,1)="k", VALUE(SUBSTITUTE(SUBSTITUTE(Y140,"€",""),"k",""))*1000, IF(RIGHT(Y140,1)="m", VALUE(SUBSTITUTE(SUBSTITUTE(Y140,"€",""),"m",""))*1000000, VALUE(SUBSTITUTE(Y140,"€","")))) -> 200000
A141: Jason McClelland | B141: IRL | C141: MF,FW | D141: St Patrick's | E141: 26 | F141: 1997 | G141: 21 | H141: 5 | I141: 624 | J141: 6.9 | K141: 1 | L141: 1 | M141: 2 | N141: 1 | O141: 0 | P141: 0 | Q141: 0 | R141: 0 | S141: 0.14 | T141: 0.14 | U141: 0.29 | V141: 0.14 | W141: 0.29 | X141: 1,85m | Y141: €100k | Z141: 1.0277778 | AA141: =IF(OR(ISNUMBER(SEARCH("DF", C141)), ISNUMBER(SEARCH("GK", C141))), "D", IF(ISNUMBER(SEARCH("MF", C141)), "M", IF(ISNUMBER(SEARCH("FW", C141)), "A","Unknown"))) -> M | AB141: =Z141 * IF(AA141="M", 2, IF(AA141="A", 4, 1)) -> 2.0555556 | AC141: =1/(AB141) -> 0.48648649 | AF141: =IF(RIGHT(Y141,1)="k", VALUE(SUBSTITUTE(SUBSTITUTE(Y141,"€",""),"k",""))*1000, IF(RIGHT(Y141,1)="m", VALUE(SUBSTITUTE(SUBSTITUTE(Y141,"€",""),"m",""))*1000000, VALUE(SUBSTITUTE(Y141,"€","")))) -> 100000
A142: Jeannot Esua | B142: CMR | C142: DF | D142: Galway United | E142: 27 | F142: 1996 | G142: 27 | H142: 23 | I142: 2093 | J142: 23.3 | K142: 0 | L142: 0 | M142: 0 | N142: 0 | O142: 0 | P142: 0 | Q142: 2 | R142: 0 | S142: 0 | T142: 0 | U142: 0 | V142: 0 | W142: 0 | X142: 1,85m | Y142: €100k | Z142: 0.80555556 | AA142: =IF(OR(ISNUMBER(SEARCH("DF", C142)), ISNUMBER(SEARCH("GK", C142))), "D", IF(ISNUMBER(SEARCH("MF", C142)), "M", IF(ISNUMBER(SEARCH("FW", C142)), "A","Unknown"))) -> D | AB142: =Z142 * IF(AA142="M", 2, IF(AA142="A", 4, 1)) -> 0.80555556 | AC142: =1/(AB142) -> 1.2413793 | AF142: =IF(RIGHT(Y142,1)="k", VALUE(SUBSTITUTE(SUBSTITUTE(Y142,"€",""),"k",""))*1000, IF(RIGHT(Y142,1)="m", VALUE(SUBSTITUTE(SUBSTITUTE(Y142,"€",""),"m",""))*1000000, VALUE(SUBSTITUTE(Y142,"€","")))) -> 100000
A143: Jethren Barr | B143: RSA | C143: GK | D143: Drogheda United | E143: 28 | F143: 1995 | G143: 7 | H143: 7 | I143: 613 | J143: 6.8 | K143: 0 | L143: 0 | M143: 0 | N143: 0 | O143: 0 | P143: 0 | Q143: 0 | R143: 1 | S143: 0 | T143: 0 | U143: 0 | V143: 0 | W143: 0 | X143: 1.79 m | Y143: €86k | Z143: 1.6111111 | AA143: =IF(OR(ISNUMBER(SEARCH("DF", C143)), ISNUMBER(SEARCH("GK", C143))), "D", IF(ISNUMBER(SEARCH("MF", C143)), "M", IF(ISNUMBER(SEARCH("FW", C143)), "A","Unknown"))) -> D | AB143: =Z143 * IF(AA143="M", 2, IF(AA143="A", 4, 1)) -> 1.6111111 | AC143: =1/(AB143) -> 0.62068966 | AF143: =IF(RIGHT(Y143,1)="k", VALUE(SUBSTITUTE(SUBSTITUTE(Y143,"€",""),"k",""))*1000, IF(RIGHT(Y143,1)="m", VALUE(SUBSTITUTE(SUBSTITUTE(Y143,"€",""),"m",""))*1000000, VALUE(SUBSTITUTE(Y143,"€","")))) -> 86000
A144: Jevon Mills | B144: IRL | C144: DF | D144: Bohemian FC | E144: 20 | F144: 2003 | G144: 24 | H144: 18 | I144: 1669 | J144: 18.5 | K144: 1 | L144: 0 | M144: 1 | N144: 1 | O144: 0 | P144: 0 | Q144: 4 | R144: 0 | S144: 0.05 | T144: 0 | U144: 0.05 | V144: 0.05 | W144: 0.05 | X144: 1,82m | Y144: €75k | Z144: 1.1944444 | AA144: =IF(OR(ISNUMBER(SEARCH("DF", C144)), ISNUMBER(SEARCH("GK", C144))), "D", IF(ISNUMBER(SEARCH("MF", C144)), "M", IF(ISNUMBER(SEARCH("FW", C144)), "A","Unknown"))) -> D | AB144: =Z144 * IF(AA144="M", 2, IF(AA144="A", 4, 1)) -> 1.1944444 | AC144: =1/(AB144) -> 0.8372093 | AF144: =IF(RIGHT(Y144,1)="k", VALUE(SUBSTITUTE(SUBSTITUTE(Y144,"€",""),"k",""))*1000, IF(RIGHT(Y144,1)="m", VALUE(SUBSTITUTE(SUBSTITUTE(Y144,"€",""),"m",""))*1000000, VALUE(SUBSTITUTE(Y144,"€","")))) -> 75000
A145: Jimmy Keohane | B145: IRL | C145: MF | D145: Galway United | E145: 33 | F145: 1991 | G145: 15 | H145: 15 | I145: 1342 | J145: 14.9 | K145: 2 | L145: 0 | M145: 2 | N145: 2 | O145: 0 | P145: 0 | Q145: 0 | R145: 0 | S145: 0.13 | T145: 0 | U145: 0.13 | V145: 0.13 | W145: 0.13 | X145: 1,77m | Y145: €150k | Z145: 0.80555556 | AA145: =IF(OR(ISNUMBER(SEARCH("DF", C145)), ISNUMBER(SEARCH("GK", C145))), "D", IF(ISNUMBER(SEARCH("MF", C145)), "M", IF(ISNUMBER(SEARCH("FW", C145)), "A","Unknown"))) -> M | AB145: =Z145 * IF(AA145="M", 2, IF(AA145="A", 4, 1)) -> 1.6111111 | AC145: =1/(AB145) -> 0.62068966 | AF145: =IF(RIGHT(Y145,1)="k", VALUE(SUBSTITUTE(SUBSTITUTE(Y145,"€",""),"k",""))*1000, IF(RIGHT(Y145,1)="m", VALUE(SUBSTITUTE(SUBSTITUTE(Y145,"€",""),"m",""))*1000000, VALUE(SUBSTITUTE(Y145,"€","")))) -> 150000
A146: Joe Redmond | B146: IRL | C146: DF | D146: St Patrick's | E146: 24 | F146: 2000 | G146: 32 | H146: 32 | I146: 2779 | J146: 30.9 | K146: 4 | L146: 2 | M146: 6 | N146: 4 | O146: 0 | P146: 0 | Q146: 6 | R146: 0 | S146: 0.13 | T146: 0.06 | U146: 0.19 | V146: 0.13 | W146: 0.19 | X146: 1,85m | Y146: €86k | Z146: 1.0277778 | AA146: =IF(OR(ISNUMBER(SEARCH("DF", C146)), ISNUMBER(SEARCH("GK", C146))), "D", IF(ISNUMBER(SEARCH("MF", C146)), "M", IF(ISNUMBER(SEARCH("FW", C146)), "A","Unknown"))) -> D | AB146: =Z146 * IF(AA146="M", 2, IF(AA146="A", 4, 1)) -> 1.0277778 | AC146: =1/(AB146) -> 0.97297297 | AF146: =IF(RIGHT(Y146,1)="k", VALUE(SUBSTITUTE(SUBSTITUTE(Y146,"€",""),"k",""))*1000, IF(RIGHT(Y146,1)="m", VALUE(SUBSTITUTE(SUBSTITUTE(Y146,"€",""),"m",""))*1000000, VALUE(SUBSTITUTE(Y146,"€","")))) -> 86000
... A196: Mark Coyle | B196: IRL | C196: MF | D196: Shelbourne FC | E196: 26 | F196: 1997 | G196: 31 | H196: 31 | I196: 2510 | J196: 27.9 | K196: 2 | L196: 1 | M196: 3 | N196: 2 | O196: 0 | P196: 0 | Q196: 15 | R196: 0 | S196: 0.07 | T196: 0.04 | U196: 0.11 | V196: 0.07 | W196: 0.11 | X196: 1,87m | Y196: €150k | Z196: 0.75 | AA196: =IF(OR(ISNUMBER(SEARCH("DF", C196)), ISNUMBER(SEARCH("GK", C196))), "D", IF(ISNUMBER(SEARCH("MF", C196)), "M", IF(ISNUMBER(SEARCH("FW", C196)), "A","Unknown"))) -> M | AB196: =Z196 * IF(AA196="M", 2, IF(AA196="A", 4, 1)) -> 1.5 | AC196: =1/(AB196) -> 0.66666667 | AF196: =IF(RIGHT(Y196,1)="k", VALUE(SUBSTITUTE(SUBSTITUTE(Y196,"€",""),"k",""))*1000, IF(RIGHT(Y196,1)="m", VALUE(SUBSTITUTE(SUBSTITUTE(Y196,"€",""),"m",""))*1000000, VALUE(SUBSTITUTE(Y196,"€","")))) -> 150000
A197: Mark Isong | C197: FW | D197: Shelbourne FC | G197: 1 | H197: 0 | I197: 4 | J197: 0 | K197: 0 | L197: 0 | M197: 0 | N197: 0 | O197: 0 | P197: 0 | Q197: 0 | R197: 0 | S197: 0 | T197: 0 | U197: 0 | V197: 0 | W197: 0 | X197: 1,87m | Y197: €125k | Z197: 0.75 | AA197: =IF(OR(ISNUMBER(SEARCH("DF", C197)), ISNUMBER(SEARCH("GK", C197))), "D", IF(ISNUMBER(SEARCH("MF", C197)), "M", IF(ISNUMBER(SEARCH("FW", C197)), "A","Unknown"))) -> A | AB197: =Z197 * IF(AA197="M", 2, IF(AA197="A", 4, 1)) -> 3 | AC197: =1/(AB197) -> 0.33333333 | AF197: =IF(RIGHT(Y197,1)="k", VALUE(SUBSTITUTE(SUBSTITUTE(Y197,"€",""),"k",""))*1000, IF(RIGHT(Y197,1)="m", VALUE(SUBSTITUTE(SUBSTITUTE(Y197,"€",""),"m",""))*1000000, VALUE(SUBSTITUTE(Y197,"€","")))) -> 125000
A198: Markus Poom | B198: EST | C198: MF | D198: Shamrock Rovers | E198: 24 | F198: 1999 | G198: 25 | H198: 16 | I198: 1604 | J198: 17.8 | K198: 1 | L198: 2 | M198: 3 | N198: 1 | O198: 0 | P198: 0 | Q198: 6 | R198: 0 | S198: 0.06 | T198: 0.11 | U198: 0.17 | V198: 0.06 | W198: 0.17 | X198: 1.79 m | Y198: €117k | Z198: 0.97222222 | AA198: =IF(OR(ISNUMBER(SEARCH("DF", C198)), ISNUMBER(SEARCH("GK", C198))), "D", IF(ISNUMBER(SEARCH("MF", C198)), "M", IF(ISNUMBER(SEARCH("FW", C198)), "A","Unknown"))) -> M | AB198: =Z198 * IF(AA198="M", 2, IF(AA198="A", 4, 1)) -> 1.9444444 | AC198: =1/(AB198) -> 0.51428571 | AF198: =IF(RIGHT(Y198,1)="k", VALUE(SUBSTITUTE(SUBSTITUTE(Y198,"€",""),"k",""))*1000, IF(RIGHT(Y198,1)="m", VALUE(SUBSTITUTE(SUBSTITUTE(Y198,"€",""),"m",""))*1000000, VALUE(SUBSTITUTE(Y198,"€","")))) -> 117000
A199: Markus Strods | B199: LVA | C199: MF | D199: Bohemian FC | E199: 17 | F199: 2006 | G199: 1 | H199: 0 | I199: 11 | J199: 0.1 | K199: 0 | L199: 0 | M199: 0 | N199: 0 | O199: 0 | P199: 0 | Q199: 0 | R199: 0 | S199: 0 | T199: 0 | U199: 0 | V199: 0 | W199: 0 | X199: 1.79 m | Y199: €65k | Z199: 1.1944444 | AA199: =IF(OR(ISNUMBER(SEARCH("DF", C199)), ISNUMBER(SEARCH("GK", C199))), "D", IF(ISNUMBER(SEARCH("MF", C199)), "M", IF(ISNUMBER(SEARCH("FW", C199)), "A","Unknown"))) -> M | AB199: =Z199 * IF(AA199="M", 2, IF(AA199="A", 4, 1)) -> 2.3888889 | AC199: =1/(AB199) -> 0.41860465 | AF199: =IF(RIGHT(Y199,1)="k", VALUE(SUBSTITUTE(SUBSTITUTE(Y199,"€",""),"k",""))*1000, IF(RIGHT(Y199,1)="m", VALUE(SUBSTITUTE(SUBSTITUTE(Y199,"€",""),"m",""))*1000000, VALUE(SUBSTITUTE(Y199,"€","")))) -> 65000
A200: Martin Miller | B200: EST | C200: MF,DF | D200: Bohemian FC | E200: 26 | F200: 1997 | G200: 20 | H200: 14 | I200: 1203 | J200: 13.4 | K200: 0 | L200: 0 | M200: 0 | N200: 0 | O200: 0 | P200: 0 | Q200: 4 | R200: 0 | S200: 0 | T200: 0 | U200: 0 | V200: 0 | W200: 0 | X200: 1,94m | Y200: €150k | Z200: 1.1944444 | AA200: =IF(OR(ISNUMBER(SEARCH("DF", C200)), ISNUMBER(SEARCH("GK", C200))), "D", IF(ISNUMBER(SEARCH("MF", C200)), "M", IF(ISNUMBER(SEARCH("FW", C200)), "A","Unknown"))) -> D | AB200: =Z200 * IF(AA200="M", 2, IF(AA200="A", 4, 1)) -> 1.1944444 | AC200: =1/(AB200) -> 0.8372093 | AF200: =IF(RIGHT(Y200,1)="k", VALUE(SUBSTITUTE(SUBSTITUTE(Y200,"€",""),"k",""))*1000, IF(RIGHT(Y200,1)="m", VALUE(SUBSTITUTE(SUBSTITUTE(Y200,"€",""),"m",""))*1000000, VALUE(SUBSTITUTE(Y200,"€","")))) -> 150000
A201: Mason Melia | B201: IRL | C201: FW,MF | D201: St Patrick's | E201: 16 | F201: 2007 | G201: 31 | H201: 14 | I201: 1471 | J201: 16.3 | K201: 6 | L201: 1 | M201: 7 | N201: 6 | O201: 0 | P201: 0 | Q201: 3 | R201: 0 | S201: 0.37 | T201: 0.06 | U201: 0.43 | V201: 0.37 | W201: 0.43 | X201: 1,81m | Y201: €25k | Z201: 1.0277778 | AA201: =IF(OR(ISNUMBER(SEARCH("DF", C201)), ISNUMBER(SEARCH("GK", C201))), "D", IF(ISNUMBER(SEARCH("MF", C201)), "M", IF(ISNUMBER(SEARCH("FW", C201)), "A","Unknown"))) -> M | AB201: =Z201 * IF(AA201="M", 2, IF(AA201="A", 4, 1)) -> 2.0555556 | AC201: =1/(AB201) -> 0.48648649 | AF201: =IF(RIGHT(Y201,1)="k", VALUE(SUBSTITUTE(SUBSTITUTE(Y201,"€",""),"k",""))*1000, IF(RIGHT(Y201,1)="m", VALUE(SUBSTITUTE(SUBSTITUTE(Y201,"€",""),"m",""))*1000000, VALUE(SUBSTITUTE(Y201,"€","")))) -> 25000
A202: Matthew Britton | B202: IRL | C202: MF | D202: Shamrock Rovers | E202: 16 | F202: 2007 | G202: 1 | H202: 0 | I202: 12 | J202: 0.1 | K202: 0 | L202: 0 | M202: 0 | N202: 0 | O202: 0 | P202: 0 | Q202: 0 | R202: 0 | S202: 0 | T202: 0 | U202: 0 | V202: 0 | W202: 0 | X202: 1,82m | Y202: €200k | Z202: 0.97222222 | AA202: =IF(OR(ISNUMBER(SEARCH("DF", C202)), ISNUMBER(SEARCH("GK", C202))), "D", IF(ISNUMBER(SEARCH("MF", C202)), "M", IF(ISNUMBER(SEARCH("FW", C202)), "A","Unknown"))) -> M | AB202: =Z202 * IF(AA202="M", 2, IF(AA202="A", 4, 1)) -> 1.9444444 | AC202: =1/(AB202) -> 0.51428571 | AF202: =IF(RIGHT(Y202,1)="k", VALUE(SUBSTITUTE(SUBSTITUTE(Y202,"€",""),"k",""))*1000, IF(RIGHT(Y202,1)="m", VALUE(SUBSTITUTE(SUBSTITUTE(Y202,"€",""),"m",""))*1000000, VALUE(SUBSTITUTE(Y202,"€","")))) -> 200000
A203: Matthew O'Brien | B203: IRL | C203: MF | D203: Drogheda United | E203: 20 | F203: 2004 | G203: 9 | H203: 4 | I203: 440 | J203: 4.9 | K203: 0 | L203: 0 | M203: 0 | N203: 0 | O203: 0 | P203: 0 | Q203: 2 | R203: 0 | S203: 0 | T203: 0 | U203: 0 | V203: 0 | W203: 0 | X203: 1,80m | Y203: €19k | Z203: 1.6111111 | AA203: =IF(OR(ISNUMBER(SEARCH("DF", C203)), ISNUMBER(SEARCH("GK", C203))), "D", IF(ISNUMBER(SEARCH("MF", C203)), "M", IF(ISNUMBER(SEARCH("FW", C203)), "A","Unknown"))) -> M | AB203: =Z203 * IF(AA203="M", 2, IF(AA203="A", 4, 1)) -> 3.2222222 | AC203: =1/(AB203) -> 0.31034483 | AF203: =IF(RIGHT(Y203,1)="k", VALUE(SUBSTITUTE(SUBSTITUTE(Y203,"€",""),"k",""))*1000, IF(RIGHT(Y203,1)="m", VALUE(SUBSTITUTE(SUBSTITUTE(Y203,"€",""),"m",""))*1000000, VALUE(SUBSTITUTE(Y203,"€","")))) -> 19000
A204: Matty Smith | B204: SCO | C204: FW,MF | D204: Shelbourne FC | E204: 26 | F204: 1997 | G204: 30 | H204: 18 | I204: 1510 | J204: 16.8 | K204: 2 | L204: 2 | M204: 4 | N204: 2 | O204: 0 | P204: 0 | Q204: 5 | R204: 1 | S204: 0.12 | T204: 0.12 | U204: 0.24 | V204: 0.12 | W204: 0.24 | X204: 1,82m | Y204: €75k | Z204: 0.75 | AA204: =IF(OR(ISNUMBER(SEARCH("DF", C204)), ISNUMBER(SEARCH("GK", C204))), "D", IF(ISNUMBER(SEARCH("MF", C204)), "M", IF(ISNUMBER(SEARCH("FW", C204)), "A","Unknown"))) -> M | AB204: =Z204 * IF(AA204="M", 2, IF(AA204="A", 4, 1)) -> 1.5 | AC204: =1/(AB204) -> 0.66666667 | AF204: =IF(RIGHT(Y204,1)="k", VALUE(SUBSTITUTE(SUBSTITUTE(Y204,"€",""),"k",""))*1000, IF(RIGHT(Y204,1)="m", VALUE(SUBSTITUTE(SUBSTITUTE(Y204,"€",""),"m",""))*1000000, VALUE(SUBSTITUTE(Y204,"€","")))) -> 75000
A205: Maurice Nugent | B205: IRL | C205: MF,DF | D205: Galway United | E205: 25 | F205: 1998 | G205: 17 | H205: 9 | I205: 872 | J205: 9.7 | K205: 3 | L205: 1 | M205: 4 | N205: 3 | O205: 0 | P205: 0 | Q205: 2 | R205: 0 | S205: 0.31 | T205: 0.1 | U205: 0.41 | V205: 0.31 | W205: 0.41 | X205: 1,80m | Y205: €20k | Z205: 0.80555556 | AA205: =IF(OR(ISNUMBER(SEARCH("DF", C205)), ISNUMBER(SEARCH("GK", C205))), "D", IF(ISNUMBER(SEARCH("MF", C205)), "M", IF(ISNUMBER(SEARCH("FW", C205)), "A","Unknown"))) -> D | AB205: =Z205 * IF(AA205="M", 2, IF(AA205="A", 4, 1)) -> 0.80555556 | AC205: =1/(AB205) -> 1.2413793 | AF205: =IF(RIGHT(Y205,1)="k", VALUE(SUBSTITUTE(SUBSTITUTE(Y205,"€",""),"k",""))*1000, IF(RIGHT(Y205,1)="m", VALUE(SUBSTITUTE(SUBSTITUTE(Y205,"€",""),"m",""))*1000000, VALUE(SUBSTITUTE(Y205,"€","")))) -> 20000
A206: Max Kovaleskis | C206: FW | D206: Shamrock Rovers | G206: 1 | H206: 0 | I206: 23 | J206: 0.3 | K206: 0 | L206: 0 | M206: 0 | N206: 0 | O206: 0 | P206: 0 | Q206: 0 | R206: 0 | S206: 0 | T206: 0 | U206: 0 | V206: 0 | W206: 0 | X206: 1,98m | Y206: €39k | Z206: 0.97222222 | AA206: =IF(OR(ISNUMBER(SEARCH("DF", C206)), ISNUMBER(SEARCH("GK", C206))), "D", IF(ISNUMBER(SEARCH("MF", C206)), "M", IF(ISNUMBER(SEARCH("FW", C206)), "A","Unknown"))) -> A | AB206: =Z206 * IF(AA206="M", 2, IF(AA206="A", 4, 1)) -> 3.8888889 | AC206: =1/(AB206) -> 0.25714286 | AF206: =IF(RIGHT(Y206,1)="k", VALUE(SUBSTITUTE(SUBSTITUTE(Y206,"€",""),"k",""))*1000, IF(RIGHT(Y206,1)="m", VALUE(SUBSTITUTE(SUBSTITUTE(Y206,"€",""),"m",""))*1000000, VALUE(SUBSTITUTE(Y206,"€","")))) -> 39000
A207: Max Mata | B207: NZL | C207: FW | D207: Sligo Rovers | E207: 23 | F207: 2000 | G207: 14 | H207: 14 | I207: 1009 | J207: 11.2 | K207: 4 | L207: 3 | M207: 7 | N207: 4 | O207: 0 | P207: 0 | Q207: 0 | R207: 0 | S207: 0.36 | T207: 0.27 | U207: 0.62 | V207: 0.36 | W207: 0.62 | X207: 1,77m | Y207: €100k | Z207: 1.4166667 | AA207: =IF(OR(ISNUMBER(SEARCH("DF", C207)), ISNUMBER(SEARCH("GK", C207))), "D", IF(ISNUMBER(SEARCH("MF", C207)), "M", IF(ISNUMBER(SEARCH("FW", C207)), "A","Unknown"))) -> A | AB207: =Z207 * IF(AA207="M", 2, IF(AA207="A", 4, 1)) -> 5.6666667 | AC207: =1/(AB207) -> 0.17647059 | AF207: =IF(RIGHT(Y207,1)="k", VALUE(SUBSTITUTE(SUBSTITUTE(Y207,"€",""),"k",""))*1000, IF(RIGHT(Y207,1)="m", VALUE(SUBSTITUTE(SUBSTITUTE(Y207,"€",""),"m",""))*1000000, VALUE(SUBSTITUTE(Y207,"€","")))) -> 100000
A208: Mayowa Animasahun | B208: IRL | C208: DF | D208: Dundalk FC | E208: 20 | F208: 2003 | G208: 19 | H208: 16 | I208: 1275 | J208: 14.2 | K208: 0 | L208: 0 | M208: 0 | N208: 0 | O208: 0 | P208: 0 | Q208: 5 | R208: 0 | S208: 0 | T208: 0 | U208: 0 | V208: 0 | W208: 0 | X208: 1,81m | Y208: €500k | Z208: 1.3888889 | AA208: =IF(OR(ISNUMBER(SEARCH("DF", C208)), ISNUMBER(SEARCH("GK", C208))), "D", IF(ISNUMBER(SEARCH("MF", C208)), "M", IF(ISNUMBER(SEARCH("FW", C208)), "A","Unknown"))) -> D | AB208: =Z208 * IF(AA208="M", 2, IF(AA208="A", 4, 1)) -> 1.3888889 | AC208: =1/(AB208) -> 0.72 | AF208: =IF(RIGHT(Y208,1)="k", VALUE(SUBSTITUTE(SUBSTITUTE(Y208,"€",""),"k",""))*1000, IF(RIGHT(Y208,1)="m", VALUE(SUBSTITUTE(SUBSTITUTE(Y208,"€",""),"m",""))*1000000, VALUE(SUBSTITUTE(Y208,"€","")))) -> 500000
A209: Michael Duffy | B209: NIR | C209: MF,FW | D209: Derry City | E209: 29 | F209: 1994 | G209: 31 | H209: 27 | I209: 2404 | J209: 26.7 | K209: 5 | L209: 5 | M209: 10 | N209: 5 | O209: 0 | P209: 0 | Q209: 4 | R209: 0 | S209: 0.19 | T209: 0.19 | U209: 0.37 | V209: 0.19 | W209: 0.37 | X209: 1,88m | Y209: €10k | Z209: 0.86111111 | AA209: =IF(OR(ISNUMBER(SEARCH("DF", C209)), ISNUMBER(SEARCH("GK", C209))), "D", IF(ISNUMBER(SEARCH("MF", C209)), "M", IF(ISNUMBER(SEARCH("FW", C209)), "A","Unknown"))) -> M | AB209: =Z209 * IF(AA209="M", 2, IF(AA209="A", 4, 1)) -> 1.7222222 | AC209: =1/(AB209) -> 0.58064516 | AF209: =IF(RIGHT(Y209,1)="k", VALUE(SUBSTITUTE(SUBSTITUTE(Y209,"€",""),"k",""))*1000, IF(RIGHT(Y209,1)="m", VALUE(SUBSTITUTE(SUBSTITUTE(Y209,"€",""),"m",""))*1000000, VALUE(SUBSTITUTE(Y209,"€","")))) -> 10000
A210: Michael Lilander | B210: EST | C210: DF | D210: Bohemian FC | E210: 26 | F210: 1997 | G210: 8 | H210: 7 | I210: 642 | J210: 7.1 | K210: 0 | L210: 0 | M210: 0 | N210: 0 | O210: 0 | P210: 0 | Q210: 0 | R210: 0 | S210: 0 | T210: 0 | U210: 0 | V210: 0 | W210: 0 | X210: 1.79 m | Y210: €117k | Z210: 1.1944444 | AA210: =IF(OR(ISNUMBER(SEARCH("DF", C210)), ISNUMBER(SEARCH("GK", C210))), "D", IF(ISNUMBER(SEARCH("MF", C210)), "M", IF(ISNUMBER(SEARCH("FW", C210)), "A","Unknown"))) -> D | AB210: =Z210 * IF(AA210="M", 2, IF(AA210="A", 4, 1)) -> 1.1944444 | AC210: =1/(AB210) -> 0.8372093 | AF210: =IF(RIGHT(Y210,1)="k", VALUE(SUBSTITUTE(SUBSTITUTE(Y210,"€",""),"k",""))*1000, IF(RIGHT(Y210,1)="m", VALUE(SUBSTITUTE(SUBSTITUTE(Y210,"€",""),"m",""))*1000000, VALUE(SUBSTITUTE(Y210,"€","")))) -> 117000
A211: Michael Noonan | B211: IRL | C211: FW | D211: St Patrick's | E211: 15 | F211: 2008 | G211: 1 | H211: 0 | I211: 2 | J211: 0 | K211: 0 | L211: 0 | M211: 0 | N211: 0 | O211: 0 | P211: 0 | Q211: 0 | R211: 0 | S211: 0 | T211: 0 | U211: 0 | V211: 0 | W211: 0 | X211: 1,96m | Y211: €52k | Z211: 1.0277778 | AA211: =IF(OR(ISNUMBER(SEARCH("DF", C211)), ISNUMBER(SEARCH("GK", C211))), "D", IF(ISNUMBER(SEARCH("MF", C211)), "M", IF(ISNUMBER(SEARCH("FW", C211)), "A","Unknown"))) -> A | AB211: =Z211 * IF(AA211="M", 2, IF(AA211="A", 4, 1)) -> 4.1111111 | AC211: =1/(AB211) -> 0.24324324 | AF211: =IF(RIGHT(Y211,1)="k", VALUE(SUBSTITUTE(SUBSTITUTE(Y211,"€",""),"k",""))*1000, IF(RIGHT(Y211,1)="m", VALUE(SUBSTITUTE(SUBSTITUTE(Y211,"€",""),"m",""))*1000000, VALUE(SUBSTITUTE(Y211,"€","")))) -> 52000
A212: Nando Pijnaker | B212: NZL | C212: DF | D212: Sligo Rovers | E212: 24 | F212: 1999 | G212: 14 | H212: 14 | I212: 1241 | J212: 13.8 | K212: 0 | L212: 2 | M212: 2 | N212: 0 | O212: 0 | P212: 0 | Q212: 7 | R212: 0 | S212: 0 | T212: 0.15 | U212: 0.15 | V212: 0 | W212: 0.15 | X212: 1,71m | Y212: €50k | Z212: 1.4166667 | AA212: =IF(OR(ISNUMBER(SEARCH("DF", C212)), ISNUMBER(SEARCH("GK", C212))), "D", IF(ISNUMBER(SEARCH("MF", C212)), "M", IF(ISNUMBER(SEARCH("FW", C212)), "A","Unknown"))) -> D | AB212: =Z212 * IF(AA212="M", 2, IF(AA212="A", 4, 1)) -> 1.4166667 | AC212: =1/(AB212) -> 0.70588235 | AF212: =IF(RIGHT(Y212,1)="k", VALUE(SUBSTITUTE(SUBSTITUTE(Y212,"€",""),"k",""))*1000, IF(RIGHT(Y212,1)="m", VALUE(SUBSTITUTE(SUBSTITUTE(Y212,"€",""),"m",""))*1000000, VALUE(SUBSTITUTE(Y212,"€","")))) -> 50000
A213: Neil Farrugia | B213: IRL | C213: MF | D213: Shamrock Rovers | E213: 24 | F213: 1999 | G213: 22 | H213: 14 | I213: 1404 | J213: 15.6 | K213: 2 | L213: 3 | M213: 5 | N213: 2 | O213: 0 | P213: 0 | Q213: 2 | R213: 0 | S213: 0.13 | T213: 0.19 | U213: 0.32 | V213: 0.13 | W213: 0.32 | X213: 1,88m | Y213: €225k | Z213: 0.97222222 | AA213: =IF(OR(ISNUMBER(SEARCH("DF", C213)), ISNUMBER(SEARCH("GK", C213))), "D", IF(ISNUMBER(SEARCH("MF", C213)), "M", IF(ISNUMBER(SEARCH("FW", C213)), "A","Unknown"))) -> M | AB213: =Z213 * IF(AA213="M", 2, IF(AA213="A", 4, 1)) -> 1.9444444 | AC213: =1/(AB213) -> 0.51428571 | AF213: =IF(RIGHT(Y213,1)="k", VALUE(SUBSTITUTE(SUBSTITUTE(Y213,"€",""),"k",""))*1000, IF(RIGHT(Y213,1)="m", VALUE(SUBSTITUTE(SUBSTITUTE(Y213,"€",""),"m",""))*1000000, VALUE(SUBSTITUTE(Y213,"€","")))) -> 225000
A214: Niall Morahan | B214: IRL | C214: MF | D214: Sligo Rovers | E214: 23 | F214: 2000 | G214: 35 | H214: 35 | I214: 3124 | J214: 34.7 | K214: 1 | L214: 1 | M214: 2 | N214: 1 | O214: 0 | P214: 0 | Q214: 13 | R214: 0 | S214: 0.03 | T214: 0.03 | U214: 0.06 | V214: 0.03 | W214: 0.06 | X214: 1.79 m | Y214: €88k | Z214: 1.4166667 | AA214: =IF(OR(ISNUMBER(SEARCH("DF", C214)), ISNUMBER(SEARCH("GK", C214))), "D", IF(ISNUMBER(SEARCH("MF", C214)), "M", IF(ISNUMBER(SEARCH("FW", C214)), "A","Unknown"))) -> M | AB214: =Z214 * IF(AA214="M", 2, IF(AA214="A", 4, 1)) -> 2.8333333 | AC214: =1/(AB214) -> 0.35294118 | AF214: =IF(RIGHT(Y214,1)="k", VALUE(SUBSTITUTE(SUBSTITUTE(Y214,"€",""),"k",""))*1000, IF(RIGHT(Y214,1)="m", VALUE(SUBSTITUTE(SUBSTITUTE(Y214,"€",""),"m",""))*1000000, VALUE(SUBSTITUTE(Y214,"€","")))) -> 88000
A215: Niall O'Keeffe | B215: IRL | C215: MF | D215: Waterford United | E215: 24 | F215: 2000 | G215: 19 | H215: 6 | I215: 689 | J215: 7.7 | K215: 1 | L215: 0 | M215: 1 | N215: 1 | O215: 0 | P215: 0 | Q215: 7 | R215: 0 | S215: 0.13 | T215: 0 | U215: 0.13 | V215: 0.13 | W215: 0.13 | X215: 1,91m | Y215: €117k | Z215: 1.3055556 | AA215: =IF(OR(ISNUMBER(SEARCH("DF", C215)), ISNUMBER(SEARCH("GK", C215))), "D", IF(ISNUMBER(SEARCH("MF", C215)), "M", IF(ISNUMBER(SEARCH("FW", C215)), "A","Unknown"))) -> M | AB215: =Z215 * IF(AA215="M", 2, IF(AA215="A", 4, 1)) -> 2.6111111 | AC215: =1/(AB215) -> 0.38297872 | AF215: =IF(RIGHT(Y215,1)="k", VALUE(SUBSTITUTE(SUBSTITUTE(Y215,"€",""),"k",""))*1000, IF(RIGHT(Y215,1)="m", VALUE(SUBSTITUTE(SUBSTITUTE(Y215,"€",""),"m",""))*1000000, VALUE(SUBSTITUTE(Y215,"€","")))) -> 117000
A216: Nickson Okosun | B216: IRL | C216: MF | D216: Bohemian FC | E216: 17 | F216: 2006 | G216: 5 | H216: 0 | I216: 49 | J216: 0.5 | K216: 0 | L216: 0 | M216: 0 | N216: 0 | O216: 0 | P216: 0 | Q216: 1 | R216: 0 | S216: 0 | T216: 0 | U216: 0 | V216: 0 | W216: 0 | X216: 1,86m | Y216: €10k | Z216: 1.1944444 | AA216: =IF(OR(ISNUMBER(SEARCH("DF", C216)), ISNUMBER(SEARCH("GK", C216))), "D", IF(ISNUMBER(SEARCH("MF", C216)), "M", IF(ISNUMBER(SEARCH("FW", C216)), "A","Unknown"))) -> M | AB216: =Z216 * IF(AA216="M", 2, IF(AA216="A", 4, 1)) -> 2.3888889 | AC216: =1/(AB216) -> 0.41860465 | AF216: =IF(RIGHT(Y216,1)="k", VALUE(SUBSTITUTE(SUBSTITUTE(Y216,"€",""),"k",""))*1000, IF(RIGHT(Y216,1)="m", VALUE(SUBSTITUTE(SUBSTITUTE(Y216,"€",""),"m",""))*1000000, VALUE(SUBSTITUTE(Y216,"€","")))) -> 10000
A217: Norman Garbett | B217: NZL | C217: FW | D217: Dundalk FC | E217: 19 | F217: 2004 | G217: 7 | H217: 0 | I217: 106 | J217: 1.2 | K217: 0 | L217: 0 | M217: 0 | N217: 0 | O217: 0 | P217: 0 | Q217: 1 | R217: 0 | S217: 0 | T217: 0 | U217: 0 | V217: 0 | W217: 0 | X217: 1,82m | Y217: €86k | Z217: 1.3888889 | AA217: =IF(OR(ISNUMBER(SEARCH("DF", C217)), ISNUMBER(SEARCH("GK", C217))), "D", IF(ISNUMBER(SEARCH("MF", C217)), "M", IF(ISNUMBER(SEARCH("FW", C217)), "A","Unknown"))) -> A | AB217: =Z217 * IF(AA217="M", 2, IF(AA217="A", 4, 1)) -> 5.5555556 | AC217: =1/(AB217) -> 0.18 | AF217: =IF(RIGHT(Y217,1)="k", VALUE(SUBSTITUTE(SUBSTITUTE(Y217,"€",""),"k",""))*1000, IF(RIGHT(Y217,1)="m", VALUE(SUBSTITUTE(SUBSTITUTE(Y217,"€",""),"m",""))*1000000, VALUE(SUBSTITUTE(Y217,"€","")))) -> 86000
A218: Oisin Gallagher | B218: NIR | C218: MF | D218: Drogheda United | E218: 18 | F218: 2005 | G218: 18 | H218: 15 | I218: 1282 | J218: 14.2 | K218: 1 | L218: 1 | M218: 2 | N218: 1 | O218: 0 | P218: 0 | Q218: 5 | R218: 0 | S218: 0.07 | T218: 0.07 | U218: 0.14 | V218: 0.07 | W218: 0.14 | X218: 1,79m | Y218: €200k | Z218: 1.6111111 | AA218: =IF(OR(ISNUMBER(SEARCH("DF", C218)), ISNUMBER(SEARCH("GK", C218))), "D", IF(ISNUMBER(SEARCH("MF", C218)), "M", IF(ISNUMBER(SEARCH("FW", C218)), "A","Unknown"))) -> M | AB218: =Z218 * IF(AA218="M", 2, IF(AA218="A", 4, 1)) -> 3.2222222 | AC218: =1/(AB218) -> 0.31034483 | AF218: =IF(RIGHT(Y218,1)="k", VALUE(SUBSTITUTE(SUBSTITUTE(Y218,"€",""),"k",""))*1000, IF(RIGHT(Y218,1)="m", VALUE(SUBSTITUTE(SUBSTITUTE(Y218,"€",""),"m",""))*1000000, VALUE(SUBSTITUTE(Y218,"€","")))) -> 200000
... A298: Zishim Bawa | B298: USA | C298: FW,MF | D298: Drogheda United | E298: 21 | F298: 2002 | G298: 17 | H298: 13 | I298: 1137 | J298: 12.6 | K298: 3 | L298: 0 | M298: 3 | N298: 3 | O298: 0 | P298: 0 | Q298: 1 | R298: 0 | S298: 0.24 | T298: 0 | U298: 0.24 | V298: 0.24 | W298: 0.24 | X298: 1,77m | Y298: €91k | Z298: 1.6111111 | AA298: =IF(OR(ISNUMBER(SEARCH("DF", C298)), ISNUMBER(SEARCH("GK", C298))), "D", IF(ISNUMBER(SEARCH("MF", C298)), "M", IF(ISNUMBER(SEARCH("FW", C298)), "A","Unknown"))) -> M | AB298: =Z298 * IF(AA298="M", 2, IF(AA298="A", 4, 1)) -> 3.2222222 | AC298: =1/(AB298) -> 0.31034483 | AF298: =IF(RIGHT(Y298,1)="k", VALUE(SUBSTITUTE(SUBSTITUTE(Y298,"€",""),"k",""))*1000, IF(RIGHT(Y298,1)="m", VALUE(SUBSTITUTE(SUBSTITUTE(Y298,"€",""),"m",""))*1000000, VALUE(SUBSTITUTE(Y298,"€","")))) -> 91000
AF300: =AVERAGE(AF3:AF298) -> 107077.7

Sheet Teams
A1: Squad (corrected for player data) | B1: Goals Conceded
A2: Shelbourne | B2: 27
A3: Shamrock Rovers | B3: 35
A4: St Patrick's | B4: 37
A5: Derry City | B5: 31
A6: Galway United | B6: 29
A7: Sligo Rovers | B7: 51
A8: Waterford FC | B8: 47
A9: Bohemians | B9: 43
A10: Drogheda United | B10: 58
A11: Dundalk FC | B11: 50

Sheet 2024 league results
E1: Playing Time | I1: Performance | Q1: Per 90 Minutes | V1: Finnances
A2: Squad | B2: # Pl | C2: Age | D2: Poss | E2: MP | F2: Starts | G2: Min | H2: 90s | I2: Gls | J2: Ast | K2: G+A | L2: G-PK | M2: PK | N2: PKatt | O2: CrdY | P2: CrdR | Q2: Gls | R2: Ast | S2: G+A | T2: G-PK | U2: G+A-PK | V2: Squad Size | W2: ø age | X2: Foreigners | Y2: ø market value | Z2: Total market value
A3: Bohemian FC | B3: 33 | C3: 24.9 | D3: 52.2 | E3: 36 | F3: 396 | G3: 3240 | H3: 36 | I3: 37 | J3: 26 | K3: 63 | L3: 33 | M3: 4 | N3: 8 | O3: 106 | P3: 2 | Q3: 1.03 | R3: 0.72 | S3: 1.75 | T3: 0.92 | U3: 1.64 | V3: 55 | W3: 21.5 | X3: 18 | Y3: €117k | Z3: €6.45m
A4: Derry City | B4: 27 | C4: 27.3 | D4: 56 | E4: 36 | F4: 396 | G4: 3240 | H4: 36 | I4: 46 | J4: 31 | K4: 77 | L4: 39 | M4: 7 | N4: 7 | O4: 74 | P4: 1 | Q4: 1.28 | R4: 0.86 | S4: 2.14 | T4: 1.08 | U4: 1.94 | V4: 39 | W4: 23.4 | X4: 19 | Y4: €117k | Z4: €4.55m
A5: Drogheda United | B5: 30 | C5: 25.1 | D5: 38.9 | E5: 36 | F5: 396 | G5: 3240 | H5: 36 | I5: 39 | J5: 21 | K5: 60 | L5: 35 | M5: 4 | N5: 5 | O5: 92 | P5: 5 | Q5: 1.08 | R5: 0.58 | S5: 1.67 | T5: 0.97 | U5: 1.56 | V5: 43 | W5: 21.3 | X5: 10 | Y5: €19k | Z5: €825k
A6: Dundalk FC | B6: 38 | C6: 24.8 | D6: 48 | E6: 36 | F6: 396 | G6: 3240 | H6: 36 | I6: 23 | J6: 16 | K6: 39 | L6: 21 | M6: 2 | N6: 2 | O6: 91 | P6: 3 | Q6: 0.64 | R6: 0.44 | S6: 1.08 | T6: 0.58 | U6: 1.03 | V6: 70 | W6: 21.5 | X6: 29 | Y6: €65k | Z6: €4.54m
A7: Galway United | B7: 28 | C7: 28.3 | D7: 39.3 | E7: 36 | F7: 396 | G7: 3240 | H7: 36 | I7: 32 | J7: 21 | K7: 53 | L7: 31 | M7: 1 | N7: 2 | O7: 76 | P7: 3 | Q7: 0.89 | R7: 0.58 | S7: 1.47 | T7: 0.86 | U7: 1.44 | V7: 35 | W7: 24.4 | X7: 10 | Y7: €39k | Z7: €1.35m
A8: Shamrock Rovers | B8: 31 | C8: 27 | D8: 62.4 | E8: 36 | F8: 396 | G8: 3240 | H8: 36 | I8: 49 | J8: 39 | K8: 88 | L8: 49 | M8: 0 | N8: 2 | O8: 99 | P8: 2 | Q8: 1.36 | R8: 1.08 | S8: 2.44 | T8: 1.36 | U8: 2.44 | V8: 61 | W8: 22.3 | X8: 8 | Y8: €86k | Z8: €5.28m
A9: Shelbourne FC | B9: 28 | C9: 25.9 | D9: 53.9 | E9: 36 | F9: 396 | G9: 3240 | H9: 36 | I9: 39 | J9: 26 | K9: 65 | L9: 34 | M9: 5 | N9: 6 | O9: 112 | P9: 5 | Q9: 1.08 | R9: 0.72 | S9: 1.81 | T9: 0.94 | U9: 1.67 | V9: 52 | W9: 21.2 | X9: 7 | Y9: €52k | Z9: €2.70m
A10: Sligo Rovers | B10: 28 | C10: 23.3 | D10: 47.7 | E10: 36 | F10: 396 | G10: 3240 | H10: 36 | I10: 40 | J10: 28 | K10: 68 | L10: 38 | M10: 2 | N10: 2 | O10: 97 | P10: 5 | Q10: 1.11 | R10: 0.78 | S10: 1.89 | T10: 1.06 | U10: 1.83 | V10: 36 | W10: 20.7 | X10: 12 | Y10: €72k | Z10: €2.59m
A11: St Patrick's | B11: 27 | C11: 25.2 | D11: 52.8 | E11: 36 | F11: 396 | G11: 3240 | H11: 36 | I11: 51 | J11: 35 | K11: 86 | L11: 46 | M11: 5 | N11: 5 | O11: 79 | P11: 0 | Q11: 1.42 | R11: 0.97 | S11: 2.39 | T11: 1.28 | U11: 2.25 | V11: 64 | W11: 21.2 | X11: 17 | Y11: €88k | Z11: €5.65m
A12: Waterford United | B12: 26 | C12: 24.5 | D12: 49.5 | E12: 36 | F12: 396 | G12: 3240 | H12: 36 | I12: 42 | J12: 25 | K12: 67 | L12: 40 | M12: 2 | N12: 3 | O12: 87 | P12: 2 | Q12: 1.17 | R12: 0.69 | S12: 1.86 | T12: 1.11 | U12: 1.81 | V12: 47 | W12: 20.6 | X12: 17 | Y12: €20k | Z12: €925k
J14: Mean Attacking contribution of an attaker | K14: 11 | O14: Mean Attacking contribution of an attaker (Relative performance) | Q14: # | R14: Club | U14: W | V14: D | W14: L | X14: Goals | Y14: GD | Z14: Pts | AA14: Conceeded
J15: (Goals + Assists) + PK = aplpha_A | O15: (aplpha_A) / Team average | Q15: 1 | S15: Shelbourne | T15: 36 | U15: 17 | V15: 12 | W15: 7 | X15: 1.6854167 | Y15: 13 | Z15: 63 | AA15: 27
J16: A player whos scores alot of goals and assists. we double count PK as it shows an involved player | Q16: 2 | S16: Shamrock Rovers | T16: 36 | U16: 17 | V16: 10 | W16: 9 | X16: 2.1076389 | Y16: 15 | Z16: 61 | AA16: 35
Q17: 3 | S17: St. Pat's | T17: 36 | U17: 17 | V17: 8 | W17: 11 | X17: 2.1506944 | Y17: 14 | Z17: 59 | AA17: 37
J18: Mean Attacking contribution of an defender | O18: Mean Attacking contribution of an defender (Relative performance) | Q18: 4 | S18: Derry City | T18: 36 | U18: 14 | V18: 13 | W18: 9 | X18: 2.0215278 | Y18: 17 | Z18: 55 | AA18: 31
J19: (Goals + Assists) + PK = alpha_D | O19: (aplpha_D) / Team average | Q19: 5 | S19: Galway United | T19: 36 | U19: 13 | V19: 13 | W19: 10 | X19: 1.3951389 | Y19: 4 | Z19: 52 | AA19: 29
J20: A player whos scores alot of goals and assists. we double count PK as it shows an involved player | Q20: 6 | S20: Sligo Rovers | T20: 36 | U20: 13 | V20: 10 | W20: 13 | X20: 1.7020833 | Y20: -11 | Z20: 49 | AA20: 51
Q21: 7 | S21: Waterford FC | T21: 36 | U21: 13 | V21: 6 | W21: 17 | X21: 1.8243056 | Y21: -4 | Z21: 45 | AA21: 47
J22: Mean defending contribution of a attacker | O22: Mean defending contribution of a attacker (Relative performance) | Q22: 8 | S22: Bohemians | T22: 36 | U22: 10 | V22: 12 | W22: 14 | X22: 1.6548611 | Y22: -4 | Z22: 42 | AA22: 43
J23: (Height * (1+YC) ) - RC = beta_A | O23: (beta_A) / Team average | Q23: 9 | S23: Drogheda United | T23: 36 | U23: 7 | V23: 13 | W23: 16 | X23: 1.7486111 | Y23: -17 | Z23: 34 | AA23: 58
J24: A player who is tall makes alot of yellow card tackles but no reds | Q24: 10 | S24: Dundalk FC | T24: 36 | U24: 5 | V24: 11 | W24: 20 | X24: 0.99305556 | Y24: -27 | Z24: 26 | AA24: 50
J26: Mean defending contribution of a defender | O26: Mean defending contribution of a defender (Relative performance)
J27: (Height * (1+YC) ) - RC = beta_D | O27: (beta_D) / Team average
J28: A player who is tall makes alot of yellow card tackles but no reds
J31: Mean Attacking contribution of an attaker (Relative Cost performance)
J32: ((aplpha_A) / Team average ) * Player Valaue
J35: Mean Attacking contribution of an defender (Relative Cost performance)
J36: ((aplpha_D) / Team average ) * Player Valaue
J39: Mean defending contribution of a attacker (Relative Cost performance)
J40: ((beta_A) / Team average ) * Player Valaue
J43: Mean defending contribution of a defender (Relative Cost performance)
J44: ((beta_D) / Team average ) * Player Valaue
B61: Squad | C61: ø age | D61: Foreigners | E61: ø market value | F61: Total market value
A62: Bohemian Football Club | B62: 55 | C62: 21.5 | D62: 18 | E62: €117k | F62: €6.45m
A63: Derry City | B63: 39 | C63: 23.4 | D63: 19 | E63: €117k | F63: €4.55m
A64: Drogheda United FC | B64: 43 | C64: 21.3 | D64: 10 | E64: €19k | F64: €825k
A65: Dundalk FC | B65: 70 | C65: 21.5 | D65: 29 | E65: €65k | F65: €4.54m
A66: Galway United FC | B66: 35 | C66: 24.4 | D66: 10 | E66: €39k | F66: €1.35m
A67: Shamrock Rovers | B67: 61 | C67: 22.3 | D67: 8 | E67: €86k | F67: €5.28m
A68: Shelbourne FC | B68: 52 | C68: 21.2 | D68: 7 | E68: €52k | F68: €2.70m
A69: Sligo Rovers | B69: 36 | C69: 20.7 | D69: 12 | E69: €72k | F69: €2.59m
A70: St. Patrick's Athletic | B70: 64 | C70: 21.2 | D70: 17 | E70: €88k | F70: €5.65m
A71: Waterford FC | B71: 47 | C71: 20.6 | D71: 17 | E71: €20k | F71: €925k
G73: Playing Time | K73: Performance | S73: Per 90 Minutes | X73: Height | Y73: Value
A74: Player | B74: Nation | C74: Pos | D74: Squad | E74: Age | F74: Born | G74: MP | H74: Starts | I74: Min | J74: 90s | K74: Gls | L74: Ast | M74: G+A | N74: G-PK | O74: PK | P74: PKatt | Q74: CrdY | R74: CrdR | S74: Gls | T74: Ast | U74: G+A | V74: G-PK | W74: G+A-PK
A75: Aaron Bolger | B75: IRL | C75: MF | D75: St Patrick's | E75: 23 | F75: 2000 | G75: 17 | H75: 10 | I75: 960 | J75: 10.7 | K75: 0 | L75: 0 | M75: 0 | N75: 0 | O75: 0 | P75: 0 | Q75: 3 | R75: 0 | S75: 0 | T75: 0 | U75: 0 | V75: 0 | W75: 0 | X75: - | Y75: €91k
A76: Aaron Greene | B76: IRL | C76: FW,MF | D76: Shamrock Rovers | E76: 34 | F76: 1990 | G76: 30 | H76: 16 | I76: 1687 | J76: 18.7 | K76: 8 | L76: 2 | M76: 10 | N76: 8 | O76: 0 | P76: 0 | Q76: 2 | R76: 0 | S76: 0.43 | T76: 0.11 | U76: 0.53 | V76: 0.43 | W76: 0.53 | X76: 1,70m | Y76: €100k
A77: Aaron Haper-Bailey | B77: ENG | C77: DF | D77: Drogheda United | E77: 22 | F77: 2001 | G77: 3 | H77: 1 | I77: 153 | J77: 1.7 | K77: 0 | L77: 0 | M77: 0 | N77: 0 | O77: 0 | P77: 0 | Q77: 0 | R77: 0 | S77: 0 | T77: 0 | U77: 0 | V77: 0 | W77: 0 | X77: 1,81m | Y77: €50k
A78: Aaron McEneff | B78: IRL | C78: MF | D78: Shamrock Rovers | E78: 28 | F78: 1995 | G78: 12 | H78: 2 | I78: 403 | J78: 4.5 | K78: 0 | L78: 0 | M78: 0 | N78: 0 | O78: 0 | P78: 0 | Q78: 1 | R78: 0 | S78: 0 | T78: 0 | U78: 0 | V78: 0 | W78: 0 | X78: 1,75m | Y78: €400k
A79: Aaron McNally | B79: IRL | C79: MF | D79: Drogheda United | E79: 23 | F79: 2000 | G79: 12 | H79: 4 | I79: 486 | J79: 5.4 | K79: 1 | L79: 0 | M79: 1 | N79: 1 | O79: 0 | P79: 0 | Q79: 1 | R79: 0 | S79: 0.19 | T79: 0 | U79: 0.19 | V79: 0.19 | W79: 0.19 | X79: 1,73m | Y79: €19k
A80: Aboubacar Keita | B80: USA | C80: DF | D80: Bohemian FC | E80: 23 | F80: 2000 | G80: 16 | H80: 12 | I80: 1121 | J80: 12.5 | K80: 1 | L80: 0 | M80: 1 | N80: 1 | O80: 0 | P80: 0 | Q80: 4 | R80: 0 | S80: 0.08 | T80: 0 | U80: 0.08 | V80: 0.08 | W80: 0.08 | X80: 1,88m | Y80: €1.00m
A81: Adam Foley | B81: IRL | C81: MF,FW | D81: Drogheda United | E81: 34 | F81: 1989 | G81: 33 | H81: 20 | I81: 1770 | J81: 19.7 | K81: 4 | L81: 3 | M81: 7 | N81: 4 | O81: 0 | P81: 0 | Q81: 6 | R81: 0 | S81: 0.2 | T81: 0.15 | U81: 0.36 | V81: 0.2 | W81: 0.36 | X81: 1,88m | Y81: €50k
A82: Adam McDonnell | B82: IRL | C82: MF | D82: Bohemian FC | E82: 26 | F82: 1997 | G82: 35 | H82: 33 | I82: 2655 | J82: 29.5 | K82: 0 | L82: 2 | M82: 2 | N82: 0 | O82: 0 | P82: 0 | Q82: 8 | R82: 0 | S82: 0 | T82: 0.07 | U82: 0.07 | V82: 0 | W82: 0.07 | X82: 1,74m | Y82: €100k
A83: Adam O'Reilly | B83: IRL | C83: MF | D83: Derry City | E83: 22 | F83: 2001 | G83: 35 | H83: 32 | I83: 2842 | J83: 31.6 | K83: 1 | L83: 0 | M83: 1 | N83: 1 | O83: 0 | P83: 0 | Q83: 9 | R83: 0 | S83: 0.03 | T83: 0 | U83: 0.03 | V83: 0.03 | W83: 0.03 | X83: 1,68m | Y83: €400k
A84: Aidan Keena | B84: IRL | C84: FW | D84: St Patrick's | E84: 24 | F84: 1999 | G84: 11 | H84: 9 | I84: 702 | J84: 7.8 | K84: 5 | L84: 0 | M84: 5 | N84: 4 | O84: 1 | P84: 1 | Q84: 0 | R84: 0 | S84: 0.64 | T84: 0 | U84: 0.64 | V84: 0.51 | W84: 0.51 | X84: 1,81m | Y84: €200k
A85: Aiden O'Brien | B85: IRL | C85: FW | D85: Shelbourne FC | E85: 30 | F85: 1993 | G85: 8 | H85: 5 | I85: 459 | J85: 5.1 | K85: 1 | L85: 0 | M85: 1 | N85: 1 | O85: 0 | P85: 0 | Q85: 0 | R85: 0 | S85: 0.2 | T85: 0 | U85: 0.2 | V85: 0.2 | W85: 0.2 | X85: 1,80m | Y85: €600k
A86: Al Amin Kazeem | B86: ENG | C86: DF | D86: St Patrick's | E86: 21 | F86: 2002 | G86: 8 | H86: 2 | I86: 210 | J86: 2.3 | K86: 1 | L86: 0 | M86: 1 | N86: 1 | O86: 0 | P86: 0 | Q86: 1 | R86: 0 | S86: 0.43 | T86: 0 | U86: 0.43 | V86: 0.43 | W86: 0.43 | X86: 1,88m | Y86: €25k
... A169: Ellis Chapman | B169: ENG | C169: MF | D169: Sligo Rovers | E169: 23 | F169: 2001 | G169: 34 | H169: 33 | I169: 2764 | J169: 30.7 | K169: 9 | L169: 4 | M169: 13 | N169: 7 | O169: 2 | P169: 2 | Q169: 7 | R169: 0 | S169: 0.29 | T169: 0.13 | U169: 0.42 | V169: 0.23 | W169: 0.36 | X169: 1,90m | Y169: €65k
A170: Emre Topcu | C170: MF | D170: Drogheda United | E170: 18 | F170: 2005 | G170: 1 | H170: 0 | I170: 15 | J170: 0.2 | K170: 0 | L170: 0 | M170: 0 | N170: 0 | O170: 0 | P170: 0 | Q170: 0 | R170: 0 | S170: 0 | T170: 0 | U170: 0 | V170: 0 | W170: 0 | X170: - | Y170: €52k
A171: Eoin Kenny | B171: NIR | C171: FW | D171: Dundalk FC | E171: 18 | F171: 2005 | G171: 25 | H171: 9 | I171: 864 | J171: 9.6 | K171: 2 | L171: 1 | M171: 3 | N171: 2 | O171: 0 | P171: 0 | Q171: 5 | R171: 0 | S171: 0.21 | T171: 0.1 | U171: 0.31 | V171: 0.21 | W171: 0.31 | X171: 1,91m | Y171: €150k
A172: Evan Caffrey | B172: IRL | C172: MF | D172: Shelbourne FC | E172: 20 | F172: 2003 | G172: 34 | H172: 17 | I172: 1822 | J172: 20.2 | K172: 3 | L172: 2 | M172: 5 | N172: 3 | O172: 0 | P172: 0 | Q172: 4 | R172: 0 | S172: 0.15 | T172: 0.1 | U172: 0.25 | V172: 0.15 | W172: 0.25 | X172: 1,78m | Y172: €117k
A173: Evan Haddock | B173: IRL | C173: MF | D173: Drogheda United | E173: 18 | F173: 2005 | G173: 1 | H173: 0 | I173: 5 | J173: 0.1 | K173: 0 | L173: 0 | M173: 0 | N173: 0 | O173: 0 | P173: 0 | Q173: 0 | R173: 0 | S173: 0 | T173: 0 | U173: 0 | V173: 0 | W173: 0 | X173: - | Y173: €52k
A174: Evan Weir | B174: IRL | C174: DF,MF | D174: Drogheda United | E174: 21 | F174: 2002 | G174: 19 | H174: 19 | I174: 1637 | J174: 18.2 | K174: 4 | L174: 2 | M174: 6 | N174: 4 | O174: 0 | P174: 0 | Q174: 5 | R174: 0 | S174: 0.22 | T174: 0.11 | U174: 0.33 | V174: 0.22 | W174: 0.33 | X174: - | Y174: €65k
A175: Fabrice Hartmann | B175: GER | C175: MF,FW | D175: Sligo Rovers | E175: 22 | F175: 2001 | G175: 21 | H175: 19 | I175: 1390 | J175: 15.4 | K175: 4 | L175: 3 | M175: 7 | N175: 4 | O175: 0 | P175: 0 | Q175: 4 | R175: 0 | S175: 0.26 | T175: 0.19 | U175: 0.45 | V175: 0.26 | W175: 0.45 | X175: 1,86m | Y175: €39k
A176: Felix Goddard | B176: ENG | C176: GK | D176: Dundalk FC | E176: 19 | F176: 2004 | G176: 6 | H176: 6 | I176: 540 | J176: 6 | K176: 0 | L176: 0 | M176: 0 | N176: 0 | O176: 0 | P176: 0 | Q176: 0 | R176: 0 | S176: 0 | T176: 0 | U176: 0 | V176: 0 | W176: 0 | X176: 1,95m | Y176: €72k
A177: Filip Piszczek | B177: POL | C177: FW | D177: Bohemian FC | E177: 28 | F177: 1995 | G177: 21 | H177: 4 | I177: 692 | J177: 7.7 | K177: 2 | L177: 1 | M177: 3 | N177: 2 | O177: 0 | P177: 0 | Q177: 9 | R177: 0 | S177: 0.26 | T177: 0.13 | U177: 0.39 | V177: 0.26 | W177: 0.39 | X177: 1,75m | Y177: €25k
A178: Francely Lomboto | B178: IRL | C178: FW | D178: Galway United | E178: 23 | F178: 2000 | G178: 20 | H178: 2 | I178: 417 | J178: 4.6 | K178: 1 | L178: 0 | M178: 1 | N178: 1 | O178: 0 | P178: 1 | Q178: 1 | R178: 0 | S178: 0.22 | T178: 0 | U178: 0.22 | V178: 0.22 | W178: 0.22 | X178: - | Y178: €25k
A179: Frantz Pierrot | B179: HAI | C179: FW | D179: Drogheda United | E179: 24 | F179: 1999 | G179: 31 | H179: 24 | I179: 2064 | J179: 22.9 | K179: 10 | L179: 1 | M179: 11 | N179: 9 | O179: 1 | P179: 1 | Q179: 6 | R179: 1 | S179: 0.44 | T179: 0.04 | U179: 0.48 | V179: 0.39 | W179: 0.44 | X179: - | Y179: €50k
A180: Gareth McElroy | B180: IRL | C180: DF | D180: Sligo Rovers | E180: 16 | F180: 2007 | G180: 4 | H180: 4 | I180: 358 | J180: 4 | K180: 0 | L180: 0 | M180: 0 | N180: 0 | O180: 0 | P180: 0 | Q180: 2 | R180: 0 | S180: 0 | T180: 0 | U180: 0 | V180: 0 | W180: 0 | X180: 1,75m | Y180: €86k
A181: Garry Buckley | B181: IRL | C181: DF,MF | D181: Galway United | E181: 30 | F181: 1993 | G181: 21 | H181: 18 | I181: 1649 | J181: 18.3 | K181: 0 | L181: 0 | M181: 0 | N181: 0 | O181: 0 | P181: 0 | Q181: 4 | R181: 0 | S181: 0 | T181: 0 | U181: 0 | V181: 0 | W181: 0 | X181: 1,80m | Y181: €275k
A182: Gary Deegan | B182: IRL | C182: MF | D182: Drogheda United | E182: 36 | F182: 1987 | G182: 22 | H182: 18 | I182: 1669 | J182: 18.5 | K182: 0 | L182: 1 | M182: 1 | N182: 0 | O182: 0 | P182: 0 | Q182: 6 | R182: 0 | S182: 0 | T182: 0.05 | U182: 0.05 | V182: 0 | W182: 0.05 | X182: 1,85m | Y182: €75k
... A205: James Bolger | B205: IRL | C205: DF | D205: Drogheda United | E205: 23 | F205: 2000 | G205: 12 | H205: 12 | I205: 1031 | J205: 11.5 | K205: 0 | L205: 0 | M205: 0 | N205: 0 | O205: 0 | P205: 0 | Q205: 3 | R205: 0 | S205: 0 | T205: 0 | U205: 0 | V205: 0 | W205: 0 | X205: 1,90m | Y205: €88k
A206: James Byrne | B206: #VALUE! | C206: MF | D206: Drogheda United | G206: 1 | H206: 0 | I206: 20 | J206: 0.2 | K206: 0 | L206: 0 | M206: 0 | N206: 0 | O206: 0 | P206: 0 | Q206: 0 | R206: 0 | S206: 0 | T206: 0 | U206: 0 | V206: 0 | W206: 0 | X206: 1,75m | Y206: €100k
A207: James Clarke | B207: IRL | C207: MF,FW | D207: Bohemian FC | E207: 23 | F207: 2001 | G207: 34 | H207: 26 | I207: 2295 | J207: 25.5 | K207: 4 | L207: 1 | M207: 5 | N207: 4 | O207: 0 | P207: 0 | Q207: 7 | R207: 0 | S207: 0.16 | T207: 0.04 | U207: 0.2 | V207: 0.16 | W207: 0.2 | X207: 1,83m | Y207: €20k
A208: James Gullan | B208: SCO | C208: FW | D208: Dundalk FC | E208: 24 | F208: 1999 | G208: 31 | H208: 24 | I208: 2079 | J208: 23.1 | K208: 6 | L208: 1 | M208: 7 | N208: 5 | O208: 1 | P208: 1 | Q208: 5 | R208: 0 | S208: 0.26 | T208: 0.04 | U208: 0.3 | V208: 0.22 | W208: 0.26 | X208: 1,88m | Y208: €117k
A209: James McManus | B209: IRL | C209: MF | D209: Bohemian FC | E209: 18 | F209: 2005 | G209: 11 | H209: 8 | I209: 682 | J209: 7.6 | K209: 0 | L209: 0 | M209: 0 | N209: 0 | O209: 0 | P209: 0 | Q209: 2 | R209: 0 | S209: 0 | T209: 0 | U209: 0 | V209: 0 | W209: 0 | X209: 1,75m | Y209: €75k
A210: James Talbot | B210: IRL | C210: GK | D210: Bohemian FC | E210: 26 | F210: 1997 | G210: 2 | H210: 2 | I210: 180 | J210: 2 | K210: 0 | L210: 0 | M210: 0 | N210: 0 | O210: 0 | P210: 0 | Q210: 0 | R210: 0 | S210: 0 | T210: 0 | U210: 0 | V210: 0 | W210: 0 | X210: 1,83m | Y210: €100k
A211: Jamie Lennon | B211: IRL | C211: MF | D211: St Patrick's | E211: 25 | F211: 1998 | G211: 34 | H211: 33 | I211: 2940 | J211: 32.7 | K211: 2 | L211: 1 | M211: 3 | N211: 2 | O211: 0 | P211: 0 | Q211: 12 | R211: 0 | S211: 0.06 | T211: 0.03 | U211: 0.09 | V211: 0.06 | W211: 0.09 | X211: 1,85m | Y211: €39k
A212: Jamie Walker | B212: SCO | C212: DF | D212: Dundalk FC | E212: 22 | F212: 2001 | G212: 3 | H212: 3 | I212: 216 | J212: 2.4 | K212: 0 | L212: 0 | M212: 0 | N212: 0 | O212: 0 | P212: 0 | Q212: 0 | R212: 0 | S212: 0 | T212: 0 | U212: 0 | V212: 0 | W212: 0 | X212: 1,76m | Y212: €200k
A213: Jason McClelland | B213: IRL | C213: MF,FW | D213: St Patrick's | E213: 26 | F213: 1997 | G213: 21 | H213: 5 | I213: 624 | J213: 6.9 | K213: 1 | L213: 1 | M213: 2 | N213: 1 | O213: 0 | P213: 0 | Q213: 0 | R213: 0 | S213: 0.14 | T213: 0.14 | U213: 0.29 | V213: 0.14 | W213: 0.29 | X213: 1,85m | Y213: €100k
A214: Jeannot Esua | B214: CMR | C214: DF | D214: Galway United | E214: 27 | F214: 1996 | G214: 27 | H214: 23 | I214: 2093 | J214: 23.3 | K214: 0 | L214: 0 | M214: 0 | N214: 0 | O214: 0 | P214: 0 | Q214: 2 | R214: 0 | S214: 0 | T214: 0 | U214: 0 | V214: 0 | W214: 0 | X214: 1,85m | Y214: €100k
A215: Jethren Barr | B215: RSA | C215: GK | D215: Drogheda United | E215: 28 | F215: 1995 | G215: 7 | H215: 7 | I215: 613 | J215: 6.8 | K215: 0 | L215: 0 | M215: 0 | N215: 0 | O215: 0 | P215: 0 | Q215: 0 | R215: 1 | S215: 0 | T215: 0 | U215: 0 | V215: 0 | W215: 0 | X215: - | Y215: €86k
A216: Jevon Mills | B216: IRL | C216: DF | D216: Bohemian FC | E216: 20 | F216: 2003 | G216: 24 | H216: 18 | I216: 1669 | J216: 18.5 | K216: 1 | L216: 0 | M216: 1 | N216: 1 | O216: 0 | P216: 0 | Q216: 4 | R216: 0 | S216: 0.05 | T216: 0 | U216: 0.05 | V216: 0.05 | W216: 0.05 | X216: 1,82m | Y216: €75k
A217: Jimmy Keohane | B217: IRL | C217: MF | D217: Galway United | E217: 33 | F217: 1991 | G217: 15 | H217: 15 | I217: 1342 | J217: 14.9 | K217: 2 | L217: 0 | M217: 2 | N217: 2 | O217: 0 | P217: 0 | Q217: 0 | R217: 0 | S217: 0.13 | T217: 0 | U217: 0.13 | V217: 0.13 | W217: 0.13 | X217: 1,77m | Y217: €150k
A218: Joe Redmond | B218: IRL | C218: DF | D218: St Patrick's | E218: 24 | F218: 2000 | G218: 32 | H218: 32 | I218: 2779 | J218: 30.9 | K218: 4 | L218: 2 | M218: 6 | N218: 4 | O218: 0 | P218: 0 | Q218: 6 | R218: 0 | S218: 0.13 | T218: 0.06 | U218: 0.19 | V218: 0.13 | W218: 0.19 | X218: - | Y218: €86k
... A268: Mark Coyle | B268: IRL | C268: MF | D268: Shelbourne FC | E268: 26 | F268: 1997 | G268: 31 | H268: 31 | I268: 2510 | J268: 27.9 | K268: 2 | L268: 1 | M268: 3 | N268: 2 | O268: 0 | P268: 0 | Q268: 15 | R268: 0 | S268: 0.07 | T268: 0.04 | U268: 0.11 | V268: 0.07 | W268: 0.11 | X268: 1,87m | Y268: €150k
A269: Mark Isong | C269: FW | D269: Shelbourne FC | G269: 1 | H269: 0 | I269: 4 | J269: 0 | K269: 0 | L269: 0 | M269: 0 | N269: 0 | O269: 0 | P269: 0 | Q269: 0 | R269: 0 | S269: 0 | T269: 0 | U269: 0 | V269: 0 | W269: 0 | X269: 1,87m | Y269: €125k
A270: Markus Poom | B270: EST | C270: MF | D270: Shamrock Rovers | E270: 24 | F270: 1999 | G270: 25 | H270: 16 | I270: 1604 | J270: 17.8 | K270: 1 | L270: 2 | M270: 3 | N270: 1 | O270: 0 | P270: 0 | Q270: 6 | R270: 0 | S270: 0.06 | T270: 0.11 | U270: 0.17 | V270: 0.06 | W270: 0.17 | X270: - | Y270: €117k
A271: Markus Strods | B271: LVA | C271: MF | D271: Bohemian FC | E271: 17 | F271: 2006 | G271: 1 | H271: 0 | I271: 11 | J271: 0.1 | K271: 0 | L271: 0 | M271: 0 | N271: 0 | O271: 0 | P271: 0 | Q271: 0 | R271: 0 | S271: 0 | T271: 0 | U271: 0 | V271: 0 | W271: 0 | X271: - | Y271: €65k
A272: Martin Miller | B272: EST | C272: MF,DF | D272: Bohemian FC | E272: 26 | F272: 1997 | G272: 20 | H272: 14 | I272: 1203 | J272: 13.4 | K272: 0 | L272: 0 | M272: 0 | N272: 0 | O272: 0 | P272: 0 | Q272: 4 | R272: 0 | S272: 0 | T272: 0 | U272: 0 | V272: 0 | W272: 0 | X272: 1,94m | Y272: €150k
A273: Mason Melia | B273: IRL | C273: FW,MF | D273: St Patrick's | E273: 16 | F273: 2007 | G273: 31 | H273: 14 | I273: 1471 | J273: 16.3 | K273: 6 | L273: 1 | M273: 7 | N273: 6 | O273: 0 | P273: 0 | Q273: 3 | R273: 0 | S273: 0.37 | T273: 0.06 | U273: 0.43 | V273: 0.37 | W273: 0.43 | X273: 1,81m | Y273: €25k
A274: Matthew Britton | B274: IRL | C274: MF | D274: Shamrock Rovers | E274: 16 | F274: 2007 | G274: 1 | H274: 0 | I274: 12 | J274: 0.1 | K274: 0 | L274: 0 | M274: 0 | N274: 0 | O274: 0 | P274: 0 | Q274: 0 | R274: 0 | S274: 0 | T274: 0 | U274: 0 | V274: 0 | W274: 0 | X274: 1,82m | Y274: €200k
A275: Matthew O'Brien | B275: IRL | C275: MF | D275: Drogheda United | E275: 20 | F275: 2004 | G275: 9 | H275: 4 | I275: 440 | J275: 4.9 | K275: 0 | L275: 0 | M275: 0 | N275: 0 | O275: 0 | P275: 0 | Q275: 2 | R275: 0 | S275: 0 | T275: 0 | U275: 0 | V275: 0 | W275: 0 | X275: 1,80m | Y275: €19k
A276: Matty Smith | B276: SCO | C276: FW,MF | D276: Shelbourne FC | E276: 26 | F276: 1997 | G276: 30 | H276: 18 | I276: 1510 | J276: 16.8 | K276: 2 | L276: 2 | M276: 4 | N276: 2 | O276: 0 | P276: 0 | Q276: 5 | R276: 1 | S276: 0.12 | T276: 0.12 | U276: 0.24 | V276: 0.12 | W276: 0.24 | X276: 1,82m | Y276: €75k
A277: Maurice Nugent | B277: IRL | C277: MF,DF | D277: Galway United | E277: 25 | F277: 1998 | G277: 17 | H277: 9 | I277: 872 | J277: 9.7 | K277: 3 | L277: 1 | M277: 4 | N277: 3 | O277: 0 | P277: 0 | Q277: 2 | R277: 0 | S277: 0.31 | T277: 0.1 | U277: 0.41 | V277: 0.31 | W277: 0.41 | X277: 1,80m | Y277: €20k
A278: Max Kovaleskis | C278: FW | D278: Shamrock Rovers | G278: 1 | H278: 0 | I278: 23 | J278: 0.3 | K278: 0 | L278: 0 | M278: 0 | N278: 0 | O278: 0 | P278: 0 | Q278: 0 | R278: 0 | S278: 0 | T278: 0 | U278: 0 | V278: 0 | W278: 0 | X278: 1,98m | Y278: €39k
A279: Max Mata | B279: NZL | C279: FW | D279: Sligo Rovers | E279: 23 | F279: 2000 | G279: 14 | H279: 14 | I279: 1009 | J279: 11.2 | K279: 4 | L279: 3 | M279: 7 | N279: 4 | O279: 0 | P279: 0 | Q279: 0 | R279: 0 | S279: 0.36 | T279: 0.27 | U279: 0.62 | V279: 0.36 | W279: 0.62 | X279: 1,77m | Y279: €100k
A280: Mayowa Animasahun | B280: IRL | C280: DF | D280: Dundalk FC | E280: 20 | F280: 2003 | G280: 19 | H280: 16 | I280: 1275 | J280: 14.2 | K280: 0 | L280: 0 | M280: 0 | N280: 0 | O280: 0 | P280: 0 | Q280: 5 | R280: 0 | S280: 0 | T280: 0 | U280: 0 | V280: 0 | W280: 0 | X280: 1,81m | Y280: €500k
...

Sheet Player Results
A1: Player Standard Stats 2024 League of Ireland Premier Division
H5: Playing Time | L5: Performance | T5: Per 90 Minutes
A6: Rk | B6: Player | C6: Nation | D6: Pos | E6: Squad | F6: Age | G6: Born | H6: MP | I6: Starts | J6: Min | K6: 90s | L6: Gls | M6: Ast | N6: G+A | O6: G-PK | P6: PK | Q6: PKatt | R6: CrdY | S6: CrdR | T6: Gls | U6: Ast | V6: G+A | W6: G-PK | X6: G+A-PK | Y6: Matches
A7: 1 | B7: Elicha Ahui | C7: ENG | D7: MF,DF | E7: Drogheda United | F7: 20 | G7: 2003 | H7: 14 | I7: 14 | J7: 1101 | K7: 12.2 | L7: 1 | M7: 0 | N7: 1 | O7: 1 | P7: 0 | Q7: 0 | R7: 4 | S7: 0 | T7: 0.08 | U7: 0 | V7: 0.08 | W7: 0.08 | X7: 0.08 | Y7: Matches
A8: 2 | B8: Romeo Akachukwu | C8: IRL | D8: MF | E8: Waterford United | F8: 17 | G8: 2006 | H8: 7 | I8: 0 | J8: 90 | K8: 1 | L8: 0 | M8: 0 | N8: 0 | O8: 0 | P8: 0 | Q8: 0 | R8: 0 | S8: 0 | T8: 0 | U8: 0 | V8: 0 | W8: 0 | X8: 0 | Y8: Matches
A9: 3 | B9: James Akintunde | C9: ENG | D9: FW,MF | E9: Bohemian FC | F9: 27 | G9: 1996 | H9: 27 | I9: 19 | J9: 1793 | K9: 19.9 | L9: 5 | M9: 2 | N9: 7 | O9: 5 | P9: 0 | Q9: 1 | R9: 1 | S9: 0 | T9: 0.25 | U9: 0.1 | V9: 0.35 | W9: 0.25 | X9: 0.35 | Y9: Matches
A10: 4 | B10: Al Amin Kazeem | C10: ENG | D10: DF | E10: St Patrick's | F10: 21 | G10: 2002 | H10: 8 | I10: 2 | J10: 210 | K10: 2.3 | L10: 1 | M10: 0 | N10: 1 | O10: 1 | P10: 0 | Q10: 0 | R10: 1 | S10: 0 | T10: 0.43 | U10: 0 | V10: 0.43 | W10: 0.43 | X10: 0.43 | Y10: Matches
A11: 5 | B11: Al Amin Kazeem | C11: ENG | D11: DF | E11: Galway United | F11: 21 | G11: 2002 | H11: 20 | I11: 14 | J11: 1360 | K11: 15.1 | L11: 0 | M11: 0 | N11: 0 | O11: 0 | P11: 0 | Q11: 0 | R11: 4 | S11: 0 | T11: 0 | U11: 0 | V11: 0 | W11: 0 | X11: 0 | Y11: Matches
A12: 6 | B12: Pádraig Amond | C12: IRL | D12: FW | E12: Waterford United | F12: 35 | G12: 1988 | H12: 36 | I12: 36 | J12: 3230 | K12: 35.9 | L12: 14 | M12: 2 | N12: 16 | O12: 12 | P12: 2 | Q12: 3 | R12: 1 | S12: 0 | T12: 0.39 | U12: 0.06 | V12: 0.45 | W12: 0.33 | X12: 0.39 | Y12: Matches
A13: 7 | B13: Joseph Anang | C13: GHA | D13: GK | E13: St Patrick's | F13: 23 | G13: 2000 | H13: 12 | I13: 12 | J13: 1080 | K13: 12 | L13: 0 | M13: 0 | N13: 0 | O13: 0 | P13: 0 | Q13: 0 | R13: 0 | S13: 0 | T13: 0 | U13: 0 | V13: 0 | W13: 0 | X13: 0 | Y13: Matches
A14: 8 | B14: Mayowa Animasahun | C14: IRL | D14: DF | E14: Dundalk FC | F14: 20 | G14: 2003 | H14: 19 | I14: 16 | J14: 1275 | K14: 14.2 | L14: 0 | M14: 0 | N14: 0 | O14: 0 | P14: 0 | Q14: 0 | R14: 5 | S14: 0 | T14: 0 | U14: 0 | V14: 0 | W14: 0 | X14: 0 | Y14: Matches
A15: 9 | B15: Louie Annesley | C15: GIB | D15: DF | E15: Dundalk FC | F15: 23 | G15: 2000 | H15: 5 | I15: 3 | J15: 353 | K15: 3.9 | L15: 0 | M15: 0 | N15: 0 | O15: 0 | P15: 0 | Q15: 0 | R15: 2 | S15: 0 | T15: 0 | U15: 0 | V15: 0 | W15: 0 | X15: 0 | Y15: Matches
A16: 10 | B16: Shane Anthony Griffin | C16: IRL | D16: DF | E16: Shelbourne FC | F16: 29 | G16: 1994 | H16: 12 | I16: 8 | J16: 595 | K16: 6.6 | L16: 0 | M16: 0 | N16: 0 | O16: 0 | P16: 0 | Q16: 0 | R16: 4 | S16: 0 | T16: 0 | U16: 0 | V16: 0 | W16: 0 | X16: 0 | Y16: Matches
A17: 11 | B17: Wassim Aouachria | C17: ALG | D17: FW | E17: Galway United | F17: 23 | G17: 2000 | H17: 9 | I17: 1 | J17: 147 | K17: 1.6 | L17: 0 | M17: 0 | N17: 0 | O17: 0 | P17: 0 | Q17: 0 | R17: 0 | S17: 0 | T17: 0 | U17: 0 | V17: 0 | W17: 0 | X17: 0 | Y17: Matches
A18: 12 | B18: Gbemi Arubi | C18: IRL | D18: FW | E18: Waterford United | F18: 19 | G18: 2004 | H18: 13 | I18: 0 | J18: 152 | K18: 1.7 | L18: 0 | M18: 0 | N18: 0 | O18: 0 | P18: 0 | Q18: 0 | R18: 0 | S18: 0 | T18: 0 | U18: 0 | V18: 0 | W18: 0 | X18: 0 | Y18: Matches
... A49: 43 | B49: Jack Byrne | C49: IRL | D49: MF,FW | E49: Shamrock Rovers | F49: 27 | G49: 1996 | H49: 20 | I49: 14 | J49: 1231 | K49: 13.7 | L49: 1 | M49: 4 | N49: 5 | O49: 1 | P49: 0 | Q49: 0 | R49: 2 | S49: 0 | T49: 0.07 | U49: 0.29 | V49: 0.37 | W49: 0.07 | X49: 0.37 | Y49: Matches
A50: 44 | B50: James Byrne | C50: #VALUE! | D50: MF | E50: Drogheda United | H50: 1 | I50: 0 | J50: 20 | K50: 0.2 | L50: 0 | M50: 0 | N50: 0 | O50: 0 | P50: 0 | Q50: 0 | R50: 0 | S50: 0 | T50: 0 | U50: 0 | V50: 0 | W50: 0 | X50: 0 | Y50: Matches
A51: 45 | B51: Evan Caffrey | C51: IRL | D51: MF | E51: Shelbourne FC | F51: 20 | G51: 2003 | H51: 34 | I51: 17 | J51: 1822 | K51: 20.2 | L51: 3 | M51: 2 | N51: 5 | O51: 3 | P51: 0 | Q51: 0 | R51: 4 | S51: 0 | T51: 0.15 | U51: 0.1 | V51: 0.25 | W51: 0.15 | X51: 0.25 | Y51: Matches
A52: 46 | B52: Killian Cailloce | C52: IRL | D52: FW | E52: Drogheda United | F52: 18 | G52: 2005 | H52: 15 | I52: 0 | J52: 231 | K52: 2.6 | L52: 0 | M52: 0 | N52: 0 | O52: 0 | P52: 0 | Q52: 0 | R52: 1 | S52: 0 | T52: 0 | U52: 0 | V52: 0 | W52: 0 | X52: 0 | Y52: Matches
A53: 47 | B53: Hayden Cann | C53: ENG | D53: DF | E53: Drogheda United | F53: 20 | G53: 2003 | H53: 17 | I53: 17 | J53: 1530 | K53: 17 | L53: 1 | M53: 0 | N53: 1 | O53: 1 | P53: 0 | Q53: 0 | R53: 2 | S53: 0 | T53: 0.06 | U53: 0 | V53: 0.06 | W53: 0.06 | X53: 0.06 | Y53: Matches
A54: 48 | B54: Hayden Cann | C54: ENG | D54: DF | E54: Dundalk FC | F54: 20 | G54: 2003 | H54: 9 | I54: 9 | J54: 794 | K54: 8.8 | L54: 0 | M54: 1 | N54: 1 | O54: 0 | P54: 0 | Q54: 0 | R54: 1 | S54: 1 | T54: 0 | U54: 0.11 | V54: 0.11 | W54: 0 | X54: 0.11 | Y54: Matches
A55: 49 | B55: Jake Carroll | C55: IRL | D55: DF | E55: Bohemian FC | F55: 32 | G55: 1991 | H55: 9 | I55: 7 | J55: 636 | K55: 7.1 | L55: 0 | M55: 0 | N55: 0 | O55: 0 | P55: 0 | Q55: 0 | R55: 1 | S55: 0 | T55: 0 | U55: 0 | V55: 0 | W55: 0 | X55: 0 | Y55: Matches
A56: 50 | B56: Ellis Chapman | C56: ENG | D56: MF | E56: Sligo Rovers | F56: 23 | G56: 2001 | H56: 34 | I56: 33 | J56: 2764 | K56: 30.7 | L56: 9 | M56: 4 | N56: 13 | O56: 7 | P56: 2 | Q56: 2 | R56: 7 | S56: 0 | T56: 0.29 | U56: 0.13 | V56: 0.42 | W56: 0.23 | X56: 0.36 | Y56: Matches
A57: 51 | B57: Kacper Chorążka | C57: POL | D57: GK | E57: Bohemian FC | F57: 24 | G57: 1999 | H57: 34 | I57: 34 | J57: 3060 | K57: 34 | L57: 0 | M57: 0 | N57: 0 | O57: 0 | P57: 0 | Q57: 0 | R57: 1 | S57: 0 | T57: 0 | U57: 0 | V57: 0 | W57: 0 | X57: 0 | Y57: Matches
A58: 52 | B58: Brendan Clarke | C58: IRL | D58: GK | E58: Galway United | F58: 38 | G58: 1985 | H58: 36 | I58: 36 | J58: 3240 | K58: 36 | L58: 0 | M58: 0 | N58: 0 | O58: 0 | P58: 0 | Q58: 0 | R58: 2 | S58: 0 | T58: 0 | U58: 0 | V58: 0 | W58: 0 | X58: 0 | Y58: Matches
A59: 53 | B59: James Clarke | C59: IRL | D59: MF,FW | E59: Bohemian FC | F59: 23 | G59: 2001 | H59: 34 | I59: 26 | J59: 2295 | K59: 25.5 | L59: 4 | M59: 1 | N59: 5 | O59: 4 | P59: 0 | Q59: 0 | R59: 7 | S59: 0 | T59: 0.16 | U59: 0.04 | V59: 0.2 | W59: 0.16 | X59: 0.2 | Y59: Matches
A60: 54 | B60: Trevor Clarke | C60: IRL | D60: MF | E60: Shamrock Rovers | F60: 25 | G60: 1998 | H60: 21 | I60: 11 | J60: 917 | K60: 10.2 | L60: 0 | M60: 1 | N60: 1 | O60: 0 | P60: 0 | Q60: 0 | R60: 5 | S60: 0 | T60: 0 | U60: 0.1 | V60: 0.1 | W60: 0 | X60: 0.1 | Y60: Matches
A61: 55 | B61: Daniel Cleary | C61: IRL | D61: DF | E61: Shamrock Rovers | F61: 27 | G61: 1996 | H61: 31 | I61: 29 | J61: 2514 | K61: 27.9 | L61: 1 | M61: 1 | N61: 2 | O61: 1 | P61: 0 | Q61: 0 | R61: 10 | S61: 0 | T61: 0.04 | U61: 0.04 | V61: 0.07 | W61: 0.04 | X61: 0.07 | Y61: Matches
A62: 56 | B62: Ciarán Coll | C62: IRL | D62: DF | E62: Derry City | F62: 32 | G62: 1991 | H62: 24 | I62: 18 | J62: 1622 | K62: 18 | L62: 1 | M62: 1 | N62: 2 | O62: 1 | P62: 0 | Q62: 0 | R62: 4 | S62: 0 | T62: 0.06 | U62: 0.06 | V62: 0.11 | W62: 0.06 | X62: 0.11 | Y62: Matches
... A136: 130 | B136: Duncan Idehen | C136: ENG | D136: DF | E136: Derry City | F136: 21 | G136: 2002 | H136: 3 | I136: 2 | J136: 175 | K136: 1.9 | L136: 0 | M136: 0 | N136: 0 | O136: 0 | P136: 0 | Q136: 0 | R136: 2 | S136: 0 | T136: 0 | U136: 0 | V136: 0 | W136: 0 | X136: 0 | Y136: Matches
A137: 131 | B137: Mark Isong | D137: FW | E137: Shelbourne FC | H137: 1 | I137: 0 | J137: 4 | K137: 0 | L137: 0 | M137: 0 | N137: 0 | O137: 0 | P137: 0 | Q137: 0 | R137: 0 | S137: 0 | T137: 0 | U137: 0 | V137: 0 | W137: 0 | X137: 0 | Y137: Matches
A138: 132 | B138: Douglas James-Taylor | C138: ENG | D138: FW | E138: Drogheda United | F138: 22 | G138: 2001 | H138: 14 | I138: 14 | J138: 1160 | K138: 12.9 | L138: 6 | M138: 2 | N138: 8 | O138: 3 | P138: 3 | Q138: 3 | R138: 4 | S138: 0 | T138: 0.47 | U138: 0.16 | V138: 0.62 | W138: 0.23 | X138: 0.39 | Y138: Matches
A139: 133 | B139: William Jarvis | C139: ENG | D139: MF,FW | E139: Shelbourne FC | F139: 21 | G139: 2002 | H139: 25 | I139: 23 | J139: 1935 | K139: 21.5 | L139: 8 | M139: 4 | N139: 12 | O139: 4 | P139: 4 | Q139: 4 | R139: 0 | S139: 0 | T139: 0.37 | U139: 0.19 | V139: 0.56 | W139: 0.19 | X139: 0.37 | Y139: Matches
A140: 134 | B140: Zac Johnson | C140: ENG | D140: DF | E140: Dundalk FC | F140: 19 | G140: 2004 | H140: 18 | I140: 17 | J140: 1518 | K140: 16.9 | L140: 0 | M140: 0 | N140: 0 | O140: 0 | P140: 0 | Q140: 0 | R140: 3 | S140: 0 | T140: 0 | U140: 0 | V140: 0 | W140: 0 | X140: 0 | Y140: Matches
A141: 135 | B141: Louis Jones | C141: ENG | D141: GK | E141: Waterford United | F141: 25 | G141: 1998 | H141: 6 | I141: 6 | J141: 540 | K141: 6 | L141: 0 | M141: 0 | N141: 0 | O141: 0 | P141: 0 | Q141: 0 | R141: 0 | S141: 0 | T141: 0 | U141: 0 | V141: 0 | W141: 0 | X141: 0 | Y141: Matches
A142: 136 | B142: Conor Kane | C142: IRL | D142: DF,MF | E142: Drogheda United | F142: 25 | G142: 1998 | H142: 26 | I142: 21 | J142: 1906 | K142: 21.2 | L142: 1 | M142: 3 | N142: 4 | O142: 1 | P142: 0 | Q142: 0 | R142: 0 | S142: 0 | T142: 0.05 | U142: 0.14 | V142: 0.19 | W142: 0.05 | X142: 0.19 | Y142: Matches
A143: 137 | B143: Brandon Kavanagh | C143: IRL | D143: MF,FW | E143: St Patrick's | F143: 23 | G143: 2000 | H143: 34 | I143: 27 | J143: 2279 | K143: 25.3 | L143: 6 | M143: 13 | N143: 19 | O143: 5 | P143: 1 | Q143: 1 | R143: 2 | S143: 0 | T143: 0.24 | U143: 0.51 | V143: 0.75 | W143: 0.2 | X143: 0.71 | Y143: Matches
A144: 138 | B144: Cian Kavanagh | C144: IRL | D144: FW | E144: St Patrick's | F144: 21 | G144: 2003 | H144: 18 | I144: 2 | J144: 403 | K144: 4.5 | L144: 1 | M144: 1 | N144: 2 | O144: 1 | P144: 0 | Q144: 0 | R144: 1 | S144: 0 | T144: 0.22 | U144: 0.22 | V144: 0.45 | W144: 0.22 | X144: 0.45 | Y144: Matches
A145: 139 | B145: Leigh Kavanagh | C145: IRL | D145: DF,MF | E145: Bohemian FC | F145: 20 | G145: 2003 | H145: 7 | I145: 6 | J145: 528 | K145: 5.9 | L145: 0 | M145: 0 | N145: 0 | O145: 0 | P145: 0 | Q145: 0 | R145: 4 | S145: 1 | T145: 0 | U145: 0 | V145: 0 | W145: 0 | X145: 0 | Y145: Matches
A146: 140 | B146: Sean Kavanagh | C146: IRL | D146: MF,DF | E146: Shamrock Rovers | F146: 30 | G146: 1994 | H146: 12 | I146: 9 | J146: 602 | K146: 6.7 | L146: 0 | M146: 0 | N146: 0 | O146: 0 | P146: 0 | Q146: 0 | R146: 1 | S146: 0 | T146: 0 | U146: 0 | V146: 0 | W146: 0 | X146: 0 | Y146: Matches
A147: 141 | B147: Dara Keane | C147: IRL | D147: MF | E147: Dundalk FC | F147: 25 | G147: 1998 | H147: 13 | I147: 1 | J147: 325 | K147: 3.6 | L147: 0 | M147: 0 | N147: 0 | O147: 0 | P147: 0 | Q147: 0 | R147: 0 | S147: 0 | T147: 0 | U147: 0 | V147: 0 | W147: 0 | X147: 0 | Y147: Matches
A148: 142 | B148: Jack Keaney | C148: IRL | D148: DF | E148: Drogheda United | F148: 25 | G148: 1999 | H148: 26 | I148: 20 | J148: 1943 | K148: 21.6 | L148: 1 | M148: 0 | N148: 1 | O148: 1 | P148: 0 | Q148: 0 | R148: 6 | S148: 1 | T148: 0.05 | U148: 0 | V148: 0.05 | W148: 0.05 | X148: 0.05 | Y148: Matches
A149: 143 | B149: Conor Kearns | C149: IRL | D149: GK | E149: Shelbourne FC | F149: 25 | G149: 1998 | H149: 36 | I149: 36 | J149: 3240 | K149: 36 | L149: 0 | M149: 1 | N149: 1 | O149: 0 | P149: 0 | Q149: 0 | R149: 2 | S149: 0 | T149: 0 | U149: 0.03 | V149: 0.03 | W149: 0 | X149: 0.03 | Y149: Matches
... A159: 153 | B159: Paddy Kirk | C159: IRL | D159: DF | E159: Bohemian FC | F159: 25 | G159: 1998 | H159: 33 | I159: 31 | J159: 2769 | K159: 30.8 | L159: 0 | M159: 1 | N159: 1 | O159: 0 | P159: 0 | Q159: 0 | R159: 9 | S159: 0 | T159: 0 | U159: 0.03 | V159: 0.03 | W159: 0 | X159: 0.03 | Y159: Matches
A160: 154 | B160: Max Kovaleskis | D160: FW | E160: Shamrock Rovers | H160: 1 | I160: 0 | J160: 23 | K160: 0.3 | L160: 0 | M160: 0 | N160: 0 | O160: 0 | P160: 0 | Q160: 0 | R160: 0 | S160: 0 | T160: 0 | U160: 0 | V160: 0 | W160: 0 | X160: 0 | Y160: Matches
A161: 155 | B161: Bartłomiej Kukułowicz | C161: POL | D161: DF | E161: Bohemian FC | F161: 23 | G161: 2000 | H161: 2 | I161: 1 | J161: 60 | K161: 0.7 | L161: 0 | M161: 0 | N161: 0 | O161: 0 | P161: 0 | Q161: 0 | R161: 0 | S161: 0 | T161: 0 | U161: 0 | V161: 0 | W161: 0 | X161: 0 | Y161: Matches
A162: 156 | B162: Darragh Leahy | C162: IRL | D162: DF | E162: Waterford United | F162: 25 | G162: 1998 | H162: 33 | I162: 32 | J162: 2815 | K162: 31.3 | L162: 2 | M162: 3 | N162: 5 | O162: 2 | P162: 0 | Q162: 0 | R162: 7 | S162: 1 | T162: 0.06 | U162: 0.1 | V162: 0.16 | W162: 0.06 | X162: 0.16 | Y162: Matches
A163: 157 | B163: Kian Leavy | C163: IRL | D163: MF,FW | E163: St Patrick's | F163: 21 | G163: 2002 | H163: 33 | I163: 20 | J163: 1875 | K163: 20.8 | L163: 0 | M163: 1 | N163: 1 | O163: 0 | P163: 0 | Q163: 0 | R163: 2 | S163: 0 | T163: 0 | U163: 0.05 | V163: 0.05 | W163: 0 | X163: 0.05 | Y163: Matches
A164: 158 | B164: Kameron Ledwidge | C164: IRL | D164: DF | E164: Shelbourne FC | F164: 22 | G164: 2001 | H164: 33 | I164: 22 | J164: 2156 | K164: 24 | L164: 0 | M164: 0 | N164: 0 | O164: 0 | P164: 0 | Q164: 0 | R164: 3 | S164: 0 | T164: 0 | U164: 0 | V164: 0 | W164: 0 | X164: 0 | Y164: Matches
A165: 159 | B165: Jamie Lennon | C165: IRL | D165: MF | E165: St Patrick's | F165: 25 | G165: 1998 | H165: 34 | I165: 33 | J165: 2940 | K165: 32.7 | L165: 2 | M165: 1 | N165: 3 | O165: 2 | P165: 0 | Q165: 0 | R165: 12 | S165: 0 | T165: 0.06 | U165: 0.03 | V165: 0.09 | W165: 0.06 | X165: 0.09 | Y165: Matches
A166: 160 | B166: Vincent Leonard | C166: IRL | D166: DF | E166: Dundalk FC | F166: 15 | G166: 2008 | H166: 1 | I166: 0 | J166: 8 | K166: 0.1 | L166: 0 | M166: 0 | N166: 0 | O166: 0 | P166: 0 | Q166: 0 | R166: 0 | S166: 0 | T166: 0 | U166: 0 | V166: 0 | W166: 0 | X166: 0 | Y166: Matches
A167: 161 | B167: Michael Lilander | C167: EST | D167: DF | E167: Bohemian FC | F167: 26 | G167: 1997 | H167: 8 | I167: 7 | J167: 642 | K167: 7.1 | L167: 0 | M167: 0 | N167: 0 | O167: 0 | P167: 0 | Q167: 0 | R167: 0 | S167: 0 | T167: 0 | U167: 0 | V167: 0 | W167: 0 | X167: 0 | Y167: Matches
A168: 162 | B168: Francely Lomboto | C168: IRL | D168: FW | E168: Galway United | F168: 23 | G168: 2000 | H168: 20 | I168: 2 | J168: 417 | K168: 4.6 | L168: 1 | M168: 0 | N168: 1 | O168: 1 | P168: 0 | Q168: 1 | R168: 1 | S168: 0 | T168: 0.22 | U168: 0 | V168: 0.22 | W168: 0.22 | X168: 0.22 | Y168: Matches
A169: 163 | B169: Jonathan Lunney | C169: IRL | D169: MF | E169: Shelbourne FC | F169: 25 | G169: 1998 | H169: 31 | I169: 29 | J169: 2517 | K169: 28 | L169: 0 | M169: 1 | N169: 1 | O169: 0 | P169: 0 | Q169: 0 | R169: 7 | S169: 0 | T169: 0 | U169: 0.04 | V169: 0.04 | W169: 0 | X169: 0.04 | Y169: Matches
A170: 164 | B170: Harvey Macadam | C170: ENG | D170: MF | E170: Waterford United | F170: 23 | G170: 2001 | H170: 13 | I170: 8 | J170: 692 | K170: 7.7 | L170: 0 | M170: 0 | N170: 0 | O170: 0 | P170: 0 | Q170: 0 | R170: 2 | S170: 0 | T170: 0 | U170: 0 | V170: 0 | W170: 0 | X170: 0 | Y170: Matches
A171: 165 | B171: Brian Maher | C171: IRL | D171: GK | E171: Derry City | F171: 23 | G171: 2000 | H171: 36 | I171: 36 | J171: 3240 | K171: 36 | L171: 0 | M171: 0 | N171: 0 | O171: 0 | P171: 0 | Q171: 0 | R171: 3 | S171: 0 | T171: 0 | U171: 0 | V171: 0 | W171: 0 | X171: 0 | Y171: Matches
A172: 166 | B172: John Mahon | C172: IRL | D172: DF | E172: Sligo Rovers | F172: 24 | G172: 1999 | H172: 2 | I172: 1 | J172: 74 | K172: 0.8 | L172: 0 | M172: 0 | N172: 0 | O172: 0 | P172: 0 | Q172: 0 | R172: 0 | S172: 0 | T172: 0 | U172: 0 | V172: 0 | W172: 0 | X172: 0 | Y172: Matches
... A284: 278 | B284: Cillian Tollett | C284: IRL | D284: FW | E284: Galway United | F284: 15 | G284: 2008 | H284: 1 | I284: 0 | J284: 5 | K284: 0.1 | L284: 0 | M284: 0 | N284: 0 | O284: 0 | P284: 0 | Q284: 0 | R284: 0 | S284: 0 | T284: 0 | U284: 0 | V284: 0 | W284: 0 | X284: 0 | Y284: Matches
A285: 279 | B285: Emre Topcu | D285: MF | E285: Drogheda United | F285: 18 | G285: 2005 | H285: 1 | I285: 0 | J285: 15 | K285: 0.2 | L285: 0 | M285: 0 | N285: 0 | O285: 0 | P285: 0 | Q285: 0 | R285: 0 | S285: 0 | T285: 0 | U285: 0 | V285: 0 | W285: 0 | X285: 0 | Y285: Matches
A286: 280 | B286: Richie Towell | C286: IRL | D286: MF,FW | E286: Shamrock Rovers | F286: 32 | G286: 1991 | H286: 14 | I286: 6 | J286: 561 | K286: 6.2 | L286: 1 | M286: 0 | N286: 1 | O286: 1 | P286: 0 | Q286: 0 | R286: 2 | S286: 0 | T286: 0.16 | U286: 0 | V286: 0.16 | W286: 0.16 | X286: 0.16 | Y286: Matches
A287: 281 | B287: Rayhaan Tulloch | C287: ENG | D287: MF,FW | E287: Shelbourne FC | F287: 23 | G287: 2001 | H287: 10 | I287: 7 | J287: 573 | K287: 6.4 | L287: 2 | M287: 0 | N287: 2 | O287: 2 | P287: 0 | Q287: 0 | R287: 0 | S287: 0 | T287: 0.31 | U287: 0 | V287: 0.31 | W287: 0.31 | X287: 0.31 | Y287: Matches
A288: 282 | B288: Luke Turner | C288: IRL | D288: DF | E288: St Patrick's | F288: 21 | G288: 2002 | H288: 28 | I288: 25 | J288: 2205 | K288: 24.5 | L288: 3 | M288: 0 | N288: 3 | O288: 3 | P288: 0 | Q288: 0 | R288: 4 | S288: 0 | T288: 0.12 | U288: 0 | V288: 0.12 | W288: 0.12 | X288: 0.12 | Y288: Matches
A289: 283 | B289: Jamie Walker | C289: SCO | D289: DF | E289: Dundalk FC | F289: 22 | G289: 2001 | H289: 3 | I289: 3 | J289: 216 | K289: 2.4 | L289: 0 | M289: 0 | N289: 0 | O289: 0 | P289: 0 | Q289: 0 | R289: 0 | S289: 0 | T289: 0 | U289: 0 | V289: 0 | W289: 0 | X289: 0 | Y289: Matches
A290: 284 | B290: Stephen Walsh | C290: IRL | D290: FW | E290: Galway United | F290: 33 | G290: 1990 | H290: 33 | I290: 27 | J290: 2544 | K290: 28.3 | L290: 9 | M290: 3 | N290: 12 | O290: 9 | P290: 0 | Q290: 0 | R290: 9 | S290: 1 | T290: 0.32 | U290: 0.11 | V290: 0.42 | W290: 0.32 | X290: 0.42 | Y290: Matches
A291: 285 | B291: Keith Ward | C291: IRL | D291: MF | E291: Shelbourne FC | F291: 33 | G291: 1990 | H291: 2 | I291: 0 | J291: 18 | K291: 0.2 | L291: 0 | M291: 0 | N291: 0 | O291: 0 | P291: 0 | Q291: 0 | R291: 1 | S291: 0 | T291: 0 | U291: 0 | V291: 0 | W291: 0 | X291: 0 | Y291: Matches
A292: 286 | B292: Dylan Watts | C292: IRL | D292: MF | E292: Shamrock Rovers | F292: 26 | G292: 1997 | H292: 30 | I292: 27 | J292: 2220 | K292: 24.7 | L292: 4 | M292: 7 | N292: 11 | O292: 4 | P292: 0 | Q292: 1 | R292: 6 | S292: 0 | T292: 0.16 | U292: 0.28 | V292: 0.45 | W292: 0.16 | X292: 0.45 | Y292: Matches
A293: 287 | B293: Wilson Waweru | C293: IRL | D293: FW | E293: Sligo Rovers | F293: 23 | G293: 2000 | H293: 28 | I293: 12 | J293: 1286 | K293: 14.3 | L293: 7 | M293: 1 | N293: 8 | O293: 7 | P293: 0 | Q293: 0 | R293: 1 | S293: 0 | T293: 0.49 | U293: 0.07 | V293: 0.56 | W293: 0.49 | X293: 0.56 | Y293: Matches
A294: 288 | B294: David Webster | C294: IRL | D294: DF | E294: Drogheda United | F294: 33 | G294: 1990 | H294: 19 | I294: 13 | J294: 1176 | K294: 13.1 | L294: 0 | M294: 0 | N294: 0 | O294: 0 | P294: 0 | Q294: 0 | R294: 4 | S294: 0 | T294: 0 | U294: 0 | V294: 0 | W294: 0 | X294: 0 | Y294: Matches
A295: 289 | B295: Evan Weir | C295: IRL | D295: DF,MF | E295: Drogheda United | F295: 21 | G295: 2002 | H295: 19 | I295: 19 | J295: 1637 | K295: 18.2 | L295: 4 | M295: 2 | N295: 6 | O295: 4 | P295: 0 | Q295: 0 | R295: 5 | S295: 0 | T295: 0.22 | U295: 0.11 | V295: 0.33 | W295: 0.22 | X295: 0.33 | Y295: Matches
A296: 290 | B296: Colm Whelan | C296: IRL | D296: FW | E296: Derry City | F296: 23 | G296: 2000 | H296: 10 | I296: 2 | J296: 287 | K296: 3.2 | L296: 1 | M296: 0 | N296: 1 | O296: 1 | P296: 0 | Q296: 0 | R296: 0 | S296: 0 | T296: 0.31 | U296: 0 | V296: 0.31 | W296: 0.31 | X296: 0.31 | Y296: Matches
A297: 291 | B297: Charlie Wiggett | C297: ENG | D297: DF | E297: Sligo Rovers | F297: 21 | G297: 2002 | H297: 22 | I297: 18 | J297: 1559 | K297: 17.3 | L297: 0 | M297: 1 | N297: 1 | O297: 0 | P297: 0 | Q297: 0 | R297: 6 | S297: 0 | T297: 0 | U297: 0.06 | V297: 0.06 | W297: 0 | X297: 0.06 | Y297: Matches
... A302: 296 | B302: Harry Wood | C302: ENG | D302: FW,MF | E302: Shelbourne FC | F302: 21 | G302: 2002 | H302: 13 | I302: 7 | J302: 638 | K302: 7.1 | L302: 1 | M302: 1 | N302: 2 | O302: 1 | P302: 0 | Q302: 0 | R302: 3 | S302: 0 | T302: 0.14 | U302: 0.14 | V302: 0.28 | W302: 0.14 | X302: 0.28 | Y302: Matches

Sheet Player pricing 
A1: Bohemian FC | F1: Waterford United | K1: Derry City
A2: James Talbot Goalkeeper | B2: 24/04/1997 (25) | C2: 1,80m | D2: €100k | F2: Matthew Connor Goalkeeper | G2: 08/04/1997 (25) | H2: 1,94m | I2: €20k | K2: Brian Maher Goalkeeper | L2: 01/11/2000 (22) | M2: 1,85m | N2: €150k
A3: Kacper Chorazka Goalkeeper | B3: 18/03/1999 (23) | C3: 1,89m | D3: €117k | F3: Louis Jones Goalkeeper | G3: 12/10/1998 (24) | H3: 1,85m | I3: €20k | K3: Tadhg Ryan Goalkeeper | L3: 09/04/1997 (25) | M3: 1,85m | N3: €75k
A4: Joe Collins Goalkeeper | B4: 25/02/2007 (15) | C4: - | D4: €117k | F4: Jason Healy Goalkeeper | G4: 06/03/2006 (16) | H4: - | I4: €20k | K4: Jack Mills Goalkeeper | L4: 21/10/2000 (22) | M4: 1,86m | N4: €117k
A5: Luke Dennison Goalkeeper | B5: 21/08/1996 (26) | C5: 1,91m | D5: €117k | F5: Sam Sargeant Goalkeeper | G5: 23/09/1997 (25) | H5: 1,87m | I5: €20k | K5: Evan Ovendale Goalkeeper | L5: 24/02/2005 (17) | M5: - | N5: €117k
A6: Rian Hogan Goalkeeper | B6: 17/09/2006 (16) | C6: 1,91m | D6: €117k | F6: Oisin Aldred Goalkeeper | G6: (-) | H6: - | I6: €20k | K6: Mark Connolly Centre-Back | L6: 16/12/1991 (31) | M6: 1,85m | N6: €350k
A7: Callum Doyle-Travers Defender | B7: (-) | C7: - | D7: €117k | F7: Shayne McDonald Defender | G7: (-) | H7: - | I7: €20k | K7: Cameron McJannett Centre-Back | L7: 06/09/1998 (24) | M7: 1,73m | N7: €125k
A8: Aboubacar Keita Centre-Back | B8: 06/04/2000 (22) | C8: 1,88m | D8: €1.00m | F8: Darragh Leahy Centre-Back | G8: 15/04/1998 (24) | H8: 1,77m | I8: €100k | K8: Shane McEleney Centre-Back | L8: 31/01/1991 (31) | M8: 1,90m | N8: €75k
A9: Rob Cornwall Centre-Back | B9: 16/10/1994 (28) | C9: 1,83m | D9: €175k | F9: Grant Horton Centre-Back | G9: 13/09/2001 (21) | H9: 1,85m | I9: €75k | K9: Sam Todd Centre-Back | L9: 28/04/1998 (24) | M9: 1,85m | N9: €75k
A10: Cian Byrne Centre-Back | B10: 31/01/2003 (19) | C10: 1,86m | D10: €25k | F10: Kacper Radkowski Centre-Back | G10: 27/03/2001 (21) | H10: 1,94m | I10: €50k | K10: Duncan Idehen Centre-Back | L10: 03/07/2002 (20) | M10: 1,87m | N10: €117k
A11: Josh Lyons Centre-Back | B11: 12/03/2006 (16) | C11: 1,80m | D11: €117k | F11: Anthony Ebhonuaye Centre-Back | G11: (-) | H11: - | I11: €20k | K11: Ben Doherty Left-Back | L11: 24/03/1997 (25) | M11: 1,75m | N11: €125k
A12: Divin Isamala Centre-Back | B12: 25/05/2003 (19) | C12: 1,91m | D12: €117k | F12: Sean Keane Centre-Back | G12: (-) | H12: - | I12: €20k | K12: Ciarán Coll Left-Back | L12: 19/08/1991 (31) | M12: 1,78m | N12: €50k
A13: Leigh Kavanagh Centre-Back | B13: 27/12/2003 (19) | C13: 1,89m | D13: €117k | F13: Ronan Mansfield Centre-Back | G13: 06/12/2005 (17) | H13: 1,90m | I13: €20k | K13: Andre Wisdom Right-Back | L13: 09/05/1993 (29) | M13: 1,86m | N13: €300k
... A40: Rhys Brennan Right Midfield | B40: 15/06/2006 (16) | C40: - | D40: €117k | F40: Anthony Adenopo Right Winger | G40: 03/12/2004 (18) | H40: 1,85m | I40: €20k | K40: Sean Patton Centre-Forward | L40: 25/07/2006 (16) | M40: 1,78m | N40: €117k
A41: Declan McDaid Left Midfield | B41: 22/11/1995 (27) | C41: 1,75m | D41: €225k | F41: Christie Pattisson Right Winger | G41: 14/04/1997 (25) | H41: - | I41: €20k
A42: Martin Miller Attacking Midfield | B42: 25/09/1997 (25) | C42: 1,77m | D42: €325k | F42: Padraig Amond Centre-Forward | G42: 15/04/1988 (34) | H42: 1,80m | I42: €20k
A43: Archie Meekison Attacking Midfield | B43: 04/05/2002 (20) | C43: 1,80m | D43: €250k | F43: Evan Geary Striker | G43: (-) | H43: - | I43: €20k
A44: James Clarke Attacking Midfield | B44: 28/01/2001 (21) | C44: 1,86m | D44: €75k | F44: Connor Evans Centre-Forward | G44: 27/09/2003 (19) | H44: 1,83m | I44: €20k
A45: Markuss Strods Attacking Midfield | B45: 05/10/2006 (16) | C45: - | D45: €117k | F45: Sam Bellis Centre-Forward | G45: 30/12/2002 (20) | H45: - | I45: €20k
A46: Christopher Conlon Attacking Midfield | B46: 21/04/2007 (15) | C46: - | D46: €117k | F46: Zak O'Sullivan Centre-Forward | G46: 26/04/2007 (15) | H46: - | I46: €20k
A47: Dayle Rooney Left Winger | B47: 24/02/1998 (24) | C47: - | D47: €75k | F47: Gbemi Arubi Centre-Forward | G47: 26/05/2004 (18) | H47: 1,83m | I47: €20k
A48: Chris Lotefa Left Winger | B48: 08/08/2004 (18) | C48: - | D48: €117k | F48: Calum Costello Centre-Forward | G48: 11/05/2006 (16) | H48: 1,75m | I48: €20k
A49: Nickson Okosun Left Winger | B49: 21/11/2006 (16) | C49: - | D49: €117k
A50: Dylan Connolly Right Winger | B50: 02/05/1995 (27) | C50: 1,76m | D50: €300k
A51: Alex Greive Centre-Forward | B51: 13/05/1999 (23) | C51: 1,78m | D51: €350k
A52: Sten Reinkort Centre-Forward | B52: 29/04/1998 (24) | C52: 1,86m | D52: €200k
A53: Filip Piszczek Centre-Forward | B53: 26/05/1995 (27) | C53: 1,91m | D53: €150k
A54: James Akintunde Centre-Forward | B54: 29/03/1996 (26) | C54: 1,75m | D54: €100k
A55: Onesime Tembe Centre-Forward | B55: 14/09/2004 (18) | C55: 1,93m | D55: €117k
A56: Taylor Mooney Centre-Forward | B56: 16/04/2006 (16) | C56: - | D56: €117k
A59: Drogheda United | F59: Dundalk FC | K59: Galway United
A60: Jethren Barr Goalkeeper | B60: 13/09/1995 (27) | C60: 1,85m | D60: €100k | F60: Nathan Shepperd Goalkeeper | G60: 10/09/2000 (22) | H60: 1,87m | I60: €150k | K60: Brendan Clarke Goalkeeper | L60: 17/09/1985 (37) | M60: 1,85m | N60: €25k
A61: Andrew Wogan Goalkeeper | B61: 01/12/2005 (17) | C61: 1,89m | D61: €19k | F61: Ross Munro Goalkeeper | G61: 01/04/2000 (22) | H61: 1,82m | I61: €100k | K61: Jack Brady Goalkeeper | L61: 17/12/1996 (26) | M61: 1,82m | N61: €39k
A62: Ryan Maher Goalkeeper | B62: 29/07/2006 (16) | C62: 1,88m | D62: €19k | F62: Peter Cherrie Goalkeeper | G62: 01/10/1983 (39) | H62: 1,88m | I62: €10k | K62: Joe Wright Goalkeeper | L62: 10/04/2001 (21) | M62: 1,85m | N62: €39k
A63: Luke Dennison Goalkeeper | B63: 21/08/1996 (26) | C63: 1,91m | D63: €19k | F63: Mark Byrne Goalkeeper | G63: 15/09/2000 (22) | H63: - | I63: €65k | K63: Kieran McDonagh Goalkeeper | L63: 05/04/2005 (17) | M63: - | N63: €39k
A64: Finn Moore Goalkeeper | B64: 03/04/2006 (16) | C64: 1,91m | D64: €19k | F64: George Shelvey Goalkeeper | G64: 22/04/2001 (21) | H64: 1,89m | I64: €65k | K64: Greg Cunningham Centre-Back | L64: 31/01/1991 (31) | M64: 1,83m | N64: €350k
A65: Andrew Quinn Centre-Back | B65: 24/01/2002 (20) | C65: 1,88m | D65: €75k | F65: Felix Goddard Goalkeeper | G65: 09/03/2004 (18) | H65: 1,90m | I65: €65k | K65: Garry Buckley Centre-Back | L65: 19/08/1993 (29) | M65: 1,85m | N65: €125k
A66: Jack Keaney Centre-Back | B66: 18/01/1999 (23) | C66: 1,88m | D66: €75k | F66: Sean Molloy Goalkeeper | G66: 02/08/2004 (18) | H66: - | I66: €65k | K66: Rob Slevin Centre-Back | L66: 14/07/1998 (24) | M66: 1,87m | N66: €50k
A67: David Webster Centre-Back | B67: 09/08/1989 (33) | C67: 1,87m | D67: €25k | F67: Samuel Safaei Goalkeeper | G67: 09/03/2005 (17) | H67: - | I67: €65k | K67: Killian Brouder Centre-Back | L67: 20/08/1998 (24) | M67: 1,88m | N67: €39k
A68: Hayden Cann Centre-Back | B68: 01/10/2003 (19) | C68: 1,89m | D68: €19k | F68: Sean Spaight Defender | G68: 25/01/2009 (13) | H68: - | I68: €65k | K68: Maurice Nugent Centre-Back | L68: 30/07/1998 (24) | M68: - | N68: €39k
A69: Aaron Harper-Bailey Centre-Back | B69: 29/09/2001 (21) | C69: 1,94m | D69: €19k | F69: Darren Brownlie Centre-Back | G69: 10/04/1994 (28) | H69: 1,86m | I69: €200k | K69: Billy Regan Centre-Back | L69: (-) | M69: - | N69: €39k
A70: James Bolger Centre-Back | B70: 19/11/2000 (22) | C70: 1,88m | D70: €19k | F70: Hayden Muller Centre-Back | G70: 07/02/2002 (20) | H70: 1,93m | I70: €200k | K70: Bobby Burns Left-Back | L70: 07/10/1999 (23) | M70: 1,75m | N70: €175k
A71: Emmanuel Milongo Centre-Back | B71: 14/01/2004 (18) | C71: 1,84m | D71: €19k | F71: Andy Boyle Centre-Back | G71: 07/03/1991 (31) | H71: 1,85m | I71: €125k | K71: Regan Donelon Left-Back | L71: 17/04/1996 (26) | M71: 1,71m | N71: €50k
... A94: Callum Warren Attacking Midfield | B94: 16/03/2005 (17) | C94: - | D94: €19k | F94: Jack O'Flaherty Midfielder | G94: (-) | H94: - | I94: €65k | K94: Cillian Tollett Centre-Forward | L94: 09/02/2008 (14) | M94: 1,85m | N94: €39k
A95: Anthony Moyo Attacking Midfield | B95: 10/03/2004 (18) | C95: 1,73m | D95: €19k | F95: Graham Dooner Midfielder | G95: (-) | H95: - | I95: €65k
A96: Harry O'Connor Attacking Midfield | B96: 27/09/2005 (17) | C96: - | D96: €19k | F96: Scott Brady Defensive Midfield | G96: 26/06/2006 (16) | H96: 1,83m | I96: €65k
A97: Zishim Bawa Left Winger | B97: 16/03/2002 (20) | C97: 1,80m | D97: €19k | F97: Tom McLoughlin Midfielder | G97: (-) | H97: - | I97: €65k
A98: Warren Davis Second Striker | B98: 02/04/2005 (17) | C98: 1,80m | D98: €19k | F98: Scott High Central Midfield | G98: 15/02/2001 (21) | H98: 1,77m | I98: €900k
A99: Frantz Pierrot Centre-Forward | B99: 20/04/1999 (23) | C99: 1,85m | D99: €19k | F99: Greg Sloggett Central Midfield | G99: 03/07/1996 (26) | H99: 1,88m | I99: €125k
A100: Douglas James-Taylor Centre-Forward | B100: 18/11/2001 (21) | C100: 1,86m | D100: €19k | F100: Paul Doyle Central Midfield | G100: 10/04/1998 (24) | H100: 1,77m | I100: €100k
A101: Bridel Bosakani Centre-Forward | B101: 16/08/2004 (18) | C101: 1,73m | D101: €19k | F101: Scott McGill Central Midfield | G101: 27/01/2002 (20) | H101: 1,83m | I101: €100k
A102: Killian Cailloce Centre-Forward | B102: 09/12/2005 (17) | C102: 1,86m | D102: €19k | F102: Alfie Lewis Central Midfield | G102: 28/09/1999 (23) | H102: 1,69m | I102: €75k
F103: Dara Keane Central Midfield | G103: 24/12/1998 (24) | H103: 1,78m | I103: €75k
F104: Aodh Dervin Central Midfield | G104: 21/07/1999 (23) | H104: 1,70m | I104: €75k
F105: Connor Malley Central Midfield | G105: 20/03/2000 (22) | H105: 1,85m | I105: €50k
F106: Aidan Russell Vargas Central Midfield | G106: 09/05/2006 (16) | H106: 1,72m | I106: €65k
F107: Cian Spaight Central Midfield | G107: 15/04/2007 (15) | H107: 1,78m | I107: €65k
F108: Samuel Case Right Midfield | G108: 06/10/2006 (16) | H108: - | I108: €65k
F109: Conor O'Gorman Right Midfield | G109: 03/03/2005 (17) | H109: 1,73m | I109: €65k
F110: Daryl Horgan Left Midfield | G110: 10/08/1992 (30) | H110: 1,70m | I110: €450k
F111: Johannes Yli-Kokko Attacking Midfield | G111: 24/08/2001 (21) | H111: 1,76m | I111: €200k
F112: Robbie Benson Attacking Midfield | G112: 07/05/1992 (30) | H112: 1,75m | I112: €125k
F113: Jad Hakiki Attacking Midfield | G113: 23/06/2004 (18) | H113: 1,78m | I113: €50k
F114: Anthony Moyo Attacking Midfield | G114: 10/03/2004 (18) | H114: 1,73m | I114: €65k
... F129: Ciaran McGuckin Centre-Forward | G129: 30/12/2003 (19) | H129: 1,88m | I129: €65k
A131: Shamrock Rovers | F131: Shelbourne FC | K131: Sligo Rovers
A132: Lee Steacy Goalkeeper | B132: 18/01/1993 (29) | C132: 1,80m | D132: €50k | F132: Lorcan Healy Goalkeeper | G132: 23/05/2000 (22) | H132: 1,95m | I132: €75k | K132: Ed McGinty Goalkeeper | L132: 05/08/1999 (23) | M132: 1,92m | N132: €125k
A133: Alan Mannus Goalkeeper | B133: 19/05/1982 (40) | C133: 1,88m | D133: €25k | F133: Jamie Gamble Goalkeeper | G133: 09/01/2006 (16) | H133: 1,85m | I133: €52k | K133: Richard Brush Goalkeeper | L133: 26/11/1984 (38) | M133: 1,86m | N133: €10k
A134: Léon-Maurice Pöhls Goalkeeper | B134: 01/05/1997 (25) | C134: 1,94m | D134: €25k | F134: Rocco Byrne Goalkeeper | G134: 20/04/2007 (15) | H134: - | I134: €52k | K134: Conor Walsh Goalkeeper | L134: 17/03/2005 (17) | M134: 1,93m | N134: €72k
A135: Edvinas Jakas Goalkeeper | B135: 29/10/2006 (16) | C135: - | D135: €86k | F135: Conor Kearns Goalkeeper | G135: 06/05/1998 (24) | H135: 1,88m | I135: €52k | K135: Kyle Gabbidon Goalkeeper | L135: 25/05/2007 (15) | M135: - | N135: €72k
A136: Toms Leitis Goalkeeper | B136: 12/06/2004 (18) | C136: - | D136: €86k | F136: Dáithí Folan Goalkeeper | G136: 20/03/2005 (17) | H136: 1,86m | I136: €52k | K136: Ollie Denham Centre-Back | L136: 04/05/2002 (20) | M136: 1,82m | N136: €200k
A137: Alex Noonan Goalkeeper | B137: 15/07/2008 (14) | C137: - | D137: €86k | F137: Ali Topcu Goalkeeper | G137: 01/04/2008 (14) | H137: 1,78m | I137: €52k | K137: Nando Pijnaker Centre-Back | L137: 25/02/1999 (23) | M137: 1,92m | N137: €175k
A138: Cian Kenna Defender | B138: (-) | C138: - | D138: €86k | F138: Fintan McNamara Defender | G138: (-) | H138: - | I138: €52k | K138: John Mahon Centre-Back | L138: 26/11/1999 (23) | M138: 1,86m | N138: €125k
A139: Barry Kealy Defender | B139: (-) | C139: - | D139: €86k | F139: Cormac O'Donoghue Defender | G139: (-) | H139: - | I139: €52k | K139: Charlie Wiggett Centre-Back | L139: 02/11/2002 (20) | M139: - | N139: €72k
A140: Dan Cleary Centre-Back | B140: 09/03/1996 (26) | C140: 1,82m | D140: €300k | F140: Sam Bone Centre-Back | G140: 06/02/1998 (24) | H140: 1,87m | I140: €100k | K140: David Jonathan Centre-Back | L140: 12/04/2007 (15) | M140: 1,93m | N140: €72k
A141: Sean Hoare Centre-Back | B141: 15/03/1994 (28) | C141: 1,82m | D141: €175k | F141: Kameron Ledwidge Centre-Back | G141: 07/04/2001 (21) | H141: 1,79m | I141: €75k | K141: Gareth McElroy Centre-Back | L141: 24/11/2004 (18) | M141: 1,95m | N141: €72k
A142: Roberto Lopes Centre-Back | B142: 17/06/1992 (30) | C142: 1,86m | D142: €175k | F142: Paddy Barrett Centre-Back | G142: 22/07/1993 (29) | H142: 1,82m | I142: €75k | K142: Reece Hutchinson Left-Back | L142: 14/04/2000 (22) | M142: 1,77m | N142: €300k
A143: Lee Grace Centre-Back | B143: 01/12/1992 (30) | C143: 1,85m | D143: €125k | F143: Gavin Molloy Centre-Back | G143: 19/10/2001 (21) | H143: - | I143: €50k | K143: John Ross Wilson Right-Back | L143: 13/12/1998 (24) | M143: 1,82m | N143: €75k
... A167: Ryan Ritchie Central Midfield | B167: 23/05/2006 (16) | C167: 1,83m | D167: €86k | F167: Ali Coote Attacking Midfield | G167: 11/06/1998 (24) | H167: 1,70m | I167: €125k | K167: Owen Elding Centre-Forward | L167: 07/03/2006 (16) | M167: 1,79m | N167: €72k
A168: John O'Sullivan Central Midfield | B168: 29/01/2006 (16) | C168: - | D168: €86k | F168: Jad Hakiki Attacking Midfield | G168: 23/06/2004 (18) | H168: 1,78m | I168: €50k
A169: Zak Reddy Central Midfield | B169: 13/03/2007 (15) | C169: - | D169: €86k | F169: Keith Ward Attacking Midfield | G169: 12/10/1990 (32) | H169: 1,68m | I169: €50k
A170: Liam Burt Right Midfield | B170: 01/02/1999 (23) | C170: 1,73m | D170: €150k | F170: Harry Wood Attacking Midfield | G170: 02/08/2002 (20) | H170: 1,75m | I170: €52k
A171: Darragh Burns Right Midfield | B171: 06/08/2002 (20) | C171: 1,76m | D171: €150k | F171: Aiden O'Brien Left Winger | G171: 04/10/1993 (29) | H171: 1,80m | I171: €600k
A172: Simon Power Right Midfield | B172: 13/05/1998 (24) | C172: 1,77m | D172: €125k | F172: Rayhaan Tulloch Left Winger | G172: 20/01/2001 (21) | H172: 1,78m | I172: €200k
A173: Neil Farrugia Left Midfield | B173: 19/05/1999 (23) | C173: 1,87m | D173: €125k | F173: Will Jarvis Left Winger | G173: 17/12/2002 (20) | H173: 1,85m | I173: €52k
A174: Jack Byrne Attacking Midfield | B174: 24/04/1996 (26) | C174: 1,71m | D174: €500k | F174: Matty Smith Centre-Forward | G174: 13/03/1997 (25) | H174: 1,80m | I174: €150k
A175: Daniel Mandroiu Attacking Midfield | B175: 20/10/1998 (24) | C175: 1,78m | D175: €375k | F175: Sean Boyd Centre-Forward | G175: 20/06/1998 (24) | H175: 1,91m | I175: €100k
A176: Conan Noonan Attacking Midfield | B176: 17/01/2003 (19) | C176: 1,80m | D176: €50k | F176: John Martin Centre-Forward | G176: 05/01/1999 (23) | H176: 1,85m | I176: €100k
A177: Naj Razi Attacking Midfield | B177: 28/10/2006 (16) | C177: 1,75m | D177: €86k | F177: Dean Williams Centre-Forward | G177: 09/02/2000 (22) | H177: 1,74m | I177: €100k
A178: Goodness Ogbonna Attacking Midfield | B178: 02/01/2008 (14) | C178: 1,75m | D178: €86k | F178: Gavin Hodgins Centre-Forward | G178: 06/06/2005 (17) | H178: - | I178: €25k
A179: Gideon Tetteh Left Winger | B179: 30/05/2005 (17) | C179: 1,75m | D179: €50k | F179: Daniel Bergin Centre-Forward | G179: (-) | H179: - | I179: €52k
... A183: Graham Burke Second Striker | B183: 21/09/1993 (29) | C183: 1,80m | D183: €275k | F183: Dan Ring Centre-Forward | G183: 03/02/2007 (15) | H183: 1,88m | I183: €52k
A184: Marc McNulty Centre-Forward | B184: 14/09/1992 (30) | C184: 1,78m | D184: €500k
A185: Johnny Kenny Centre-Forward | B185: 06/06/2003 (19) | C185: 1,77m | D185: €150k
A186: Rory Gaffney Centre-Forward | B186: 23/10/1989 (33) | C186: 1,84m | D186: €100k
A187: Aaron Greene Centre-Forward | B187: 02/01/1990 (32) | C187: 1,81m | D187: €50k
A188: Charles Akinrintayo Centre-Forward | B188: 06/06/2008 (14) | C188: - | D188: €86k
A189: Darragh Marshall Centre-Forward | B189: 19/02/2007 (15) | C189: - | D189: €86k
A190: Eric Koufie Centre-Forward | B190: (-) | C190: - | D190: €86k
A191: Cian Dillon Centre-Forward | B191: 04/04/2006 (16) | C191: - | D191: €86k
...

Sheet A-Z player cost
A1: Aaron Bolger | B1: 02/02/2000 (22) | C1: 1,70m | D1: €100k | E1: =IF(ISNA(MATCH(A1, 'A-Z player stats'!A:A, 0)), "Delete", "Keep") -> Keep | I1: Aaron Bolger | J1: 02/02/2000 (22) | K1: 1,70m | L1: €100k | M1: Keep
A2: Aaron Greene | B2: 02/01/1990 (32) | C2: 1,81m | D2: €50k | E2: =IF(ISNA(MATCH(A2, 'A-Z player stats'!A:A, 0)), "Delete", "Keep") -> Keep | I2: Aaron Greene | J2: 02/01/1990 (32) | K2: 1,81m | L2: €50k | M2: Keep
A3: Aaron Harper-Bailey | B3: 29/09/2001 (21) | C3: 1,94m | D3: €19k | E3: =IF(ISNA(MATCH(A3, 'A-Z player stats'!A:A, 0)), "Delete", "Keep") -> Delete | I3: Aaron Harper-Bailey | J3: 29/09/2001 (21) | K3: 1,94m | L3: €19k | M3: Delete
A4: Aaron Heaney | B4: 09/08/2004 (18) | C4: 1,75m | D4: €117k | E4: =IF(ISNA(MATCH(A4, 'A-Z player stats'!A:A, 0)), "Delete", "Keep") -> Delete | I4: Aaron Heaney | J4: 09/08/2004 (18) | K4: 1,75m | L4: €117k | M4: Delete
A5: Aaron Maloney | B5: 30/04/2006 (16) | C5: - | D5: €52k | E5: =IF(ISNA(MATCH(A5, 'A-Z player stats'!A:A, 0)), "Delete", "Keep") -> Delete | I5: Aaron Maloney | J5: 30/04/2006 (16) | K5: - | L5: €52k | M5: Delete
A6: Aaron McEneff | B6: 09/07/1995 (27) | C6: 1,75m | D6: €400k | E6: =IF(ISNA(MATCH(A6, 'A-Z player stats'!A:A, 0)), "Delete", "Keep") -> Keep | I6: Aaron McEneff | J6: 09/07/1995 (27) | K6: 1,75m | L6: €400k | M6: Keep
A7: Aaron McNally | B7: 31/08/2000 (22) | C7: 1,73m | D7: €19k | E7: =IF(ISNA(MATCH(A7, 'A-Z player stats'!A:A, 0)), "Delete", "Keep") -> Keep | I7: Aaron McNally | J7: 31/08/2000 (22) | K7: 1,73m | L7: €19k | M7: Keep
A8: Aboubacar Keita | B8: 06/04/2000 (22) | C8: 1,88m | D8: €1.00m | E8: =IF(ISNA(MATCH(A8, 'A-Z player stats'!A:A, 0)), "Delete", "Keep") -> Keep | I8: Aboubacar Keita | J8: 06/04/2000 (22) | K8: 1,88m | L8: €1.00m | M8: Keep
A9: Adam Banim | B9: 13/11/2005 (17) | C9: 1,85m | D9: €88k | E9: =IF(ISNA(MATCH(A9, 'A-Z player stats'!A:A, 0)), "Delete", "Keep") -> Delete | I9: Adam Banim | J9: 13/11/2005 (17) | K9: 1,85m | L9: €88k | M9: Delete
A10: Adam Byrne | B10: (-) | C10: - | D10: €65k | E10: =IF(ISNA(MATCH(A10, 'A-Z player stats'!A:A, 0)), "Delete", "Keep") -> Delete | I10: Adam Byrne | J10: (-) | K10: - | L10: €65k | M10: Delete
A11: Adam Deans | B11: 21/11/2005 (17) | C11: 1,75m | D11: €88k | E11: =IF(ISNA(MATCH(A11, 'A-Z player stats'!A:A, 0)), "Delete", "Keep") -> Delete | I11: Adam Deans | J11: 21/11/2005 (17) | K11: 1,75m | L11: €88k | M11: Delete
A12: Adam Foley | B12: 11/12/1989 (33) | C12: 1,88m | D12: €50k | E12: =IF(ISNA(MATCH(A12, 'A-Z player stats'!A:A, 0)), "Delete", "Keep") -> Keep | I12: Adam Foley | J12: 11/12/1989 (33) | K12: 1,88m | L12: €50k | M12: Keep
... A472: Zishim Bawa | B472: 02/01/2004 (18) | C472: 1,83m | D472: €100k | E472: =IF(ISNA(MATCH(A472, 'A-Z player stats'!A:A, 0)), "Delete", "Keep") -> Keep | I472: Zishim Bawa | J472: 02/01/2004 (18) | K472: 1,83m | L472: €100k | M472: Keep
A473: #VALUE! | B473: 12/06/2004 (18) | C473: - | D473: €86k | E473: =IF(ISNA(MATCH(A473, 'A-Z player stats'!A:A, 0)), "Delete", "Keep") -> Keep | I473: #VALUE! | J473: 12/06/2004 (18) | K473: - | L473: €86k | M473: Keep
A474: #VALUE! | B474: 26/03/1998 (24) | C474: 1,65m | D474: €150k | E474: =IF(ISNA(MATCH(A474, 'A-Z player stats'!A:A, 0)), "Delete", "Keep") -> Keep | I474: #VALUE! | J474: 26/03/1998 (24) | K474: 1,65m | L474: €150k | M474: Keep
A475: #VALUE! | B475: (-) | C475: - | D475: €86k | E475: =IF(ISNA(MATCH(A475, 'A-Z player stats'!A:A, 0)), "Delete", "Keep") -> Keep | I475: #VALUE! | J475: (-) | K475: - | L475: €86k | M475: Keep
A476: #VALUE! | B476: 09/06/2006 (16) | C476: 1,83m | D476: €52k | E476: =IF(ISNA(MATCH(A476, 'A-Z player stats'!A:A, 0)), "Delete", "Keep") -> Keep | I476: #VALUE! | J476: 09/06/2006 (16) | K476: 1,83m | L476: €52k | M476: Keep
A477: #VALUE! | B477: 02/12/1999 (23) | C477: 1,72m | D477: €100k | E477: =IF(ISNA(MATCH(A477, 'A-Z player stats'!A:A, 0)), "Delete", "Keep") -> Keep | I477: #VALUE! | J477: 02/12/1999 (23) | K477: 1,72m | L477: €100k | M477: Keep
A478: #VALUE! | B478: (-) | C478: - | D478: €19k | E478: =IF(ISNA(MATCH(A478, 'A-Z player stats'!A:A, 0)), "Delete", "Keep") -> Keep | I478: #VALUE! | J478: (-) | K478: - | L478: €19k | M478: Keep
A479: #VALUE! | B479: 14/11/2006 (16) | C479: 1,73m | D479: €117k | E479: =IF(ISNA(MATCH(A479, 'A-Z player stats'!A:A, 0)), "Delete", "Keep") -> Keep | I479: #VALUE! | J479: 14/11/2006 (16) | K479: 1,73m | L479: €117k | M479: Keep
A480: #VALUE! | B480: 21/02/1999 (23) | C480: 1,91m | D480: €25k | E480: =IF(ISNA(MATCH(A480, 'A-Z player stats'!A:A, 0)), "Delete", "Keep") -> Keep | I480: #VALUE! | J480: 21/02/1999 (23) | K480: 1,91m | L480: €25k | M480: Keep
A481: #VALUE! | B481: 21/03/2008 (14) | C481: 1,83m | D481: €65k | E481: =IF(ISNA(MATCH(A481, 'A-Z player stats'!A:A, 0)), "Delete", "Keep") -> Keep | I481: #VALUE! | J481: 21/03/2008 (14) | K481: 1,83m | L481: €65k | M481: Keep
A482: #VALUE! | B482: 02/04/2005 (17) | C482: 1,80m | D482: €19k | E482: =IF(ISNA(MATCH(A482, 'A-Z player stats'!A:A, 0)), "Delete", "Keep") -> Keep | I482: #VALUE! | J482: 02/04/2005 (17) | K482: 1,80m | L482: €19k | M482: Keep
A483: #VALUE! | B483: 12/05/2000 (22) | C483: 1,92m | D483: €39k | E483: =IF(ISNA(MATCH(A483, 'A-Z player stats'!A:A, 0)), "Delete", "Keep") -> Keep | I483: #VALUE! | J483: 12/05/2000 (22) | K483: 1,92m | L483: €39k | M483: Keep
A484: #VALUE! | B484: 19/05/1999 (23) | C484: 1,87m | D484: €125k | E484: =IF(ISNA(MATCH(A484, 'A-Z player stats'!A:A, 0)), "Delete", "Keep") -> Keep | I484: #VALUE! | J484: 19/05/1999 (23) | K484: 1,87m | L484: €125k | M484: Keep
... A493: #VALUE! | B493: 16/03/2002 (20) | C493: 1,80m | D493: €19k | E493: =IF(ISNA(MATCH(A493, 'A-Z player stats'!A:A, 0)), "Delete", "Keep") -> Keep | I493: #VALUE! | J493: 16/03/2002 (20) | K493: 1,80m | L493: €19k | M493: Keep
